id,name,slots,npc_price,overall_avg,four_week_avg,one_week_avg
501,"Red Potion",,50,45,50,50
502,"Orange Potion",,200,179,,
503,"Yellow Potion",,550,381,499,500
504,"White Potion",,1200,990,987,988
505,"Blue Potion",,5000,4045,3867,3876
506,"Green Potion",,40,51,,
507,"Red Herb",,18,139,87,43
508,"Yellow Herb",,40,230,101,117
509,"White Herb",,120,718,725,741
510,"Blue Herb",,60,1810,1535,1607
511,"Green Herb",,10,292,111,99
512,Apple,,15,15,,
513,Banana,,15,109,1075,
514,Grape,,200,633,990,1042
515,Carrot,,15,1000,,
516,Potato,,15,56,,
517,Meat,,50,50,,
518,Honey,,500,955,975,978
519,Milk,,25,654,995,990
520,"Hinalle Leaflet",,150,994,973,750
521,"Aloe Leaflet",,360,1107,1592,1520
522,"Mastela Fruit",,8500,5276,5217,5239
523,"Holy Water",,20,690,875,846
525,Panacea,,500,541,872,557
526,"Royal Jelly",,7000,4398,4419,4388
528,"Monster's Feed",,60,177,,
529,Candy,,10,535,504,777
530,"Candy Cane",,20,536,393,202
531,"Apple Juice",,20,858,1241,857
532,"Banana Juice",,20,785,746,507
533,"Grape Juice",,250,1134,1633,1411
534,"Carrot Juice",,20,923,1037,992
535,Pumpkin,,15,3000,,
536,"Ice Cream",,150,38,,
537,"Pet Food",,1000,770,922,811
538,"Well-baked Cookie",,1000,1159,1024,923
539,"Piece of Cake",,3000,2035,1974,1909
544,"Raw Fish",,20,2579,796,786
545,"Condensed Red Potion",,150,268,,
546,"Condensed Yellow Potion",,600,890,900,900
547,"Condensed White Potion",,1650,1951,2299,2300
548,Cheese,,2800,4883,5761,5121
549,Yam,,180,258,1024,
551,Sushi,,1,453,1192,
553,Bao,,1,420,347,325
558,Chocolate,,1,10662,,
559,"Hand-made Chocolate",,1,1716,,
560,"Handmade White Chocolate",,5000,1800,,
561,"White Chocolate",,5000,1129,,
564,"Rice Ball",,1,1111,,
567,Shrimp,,500,572,572,1000
568,Lemon,,60,508,590,434
569,"Novice Potion",,0,25,,
571,"Lucky Candy Cane",,20,50,,
573,"Chocolate Drink",,7000,2273,,
576,"Prickly Fruit",,540,58294,99999,
577,"Bag of Grain",,200,999,,
578,Strawberry,,200,1111,1154,1112
579,"Fresh Fish",,250,222,245,275
582,Orange,,300,557,758,654
594,"Sour-Cream Pancake",,0,150,,
601,"Fly Wing",,60,60,72,68
602,"Butterfly Wing",,300,268,210,161
603,"Old Blue Box",,10000,29191,27379,27806
604,"Dead Branch",,50,3034,2638,2820
605,Anodyne,,2000,4057,3699,3229
606,Aloevera,,1500,3745,4989,4769
607,"Yggdrasil Berry",,5000,56885,58109,56615
608,"Yggdrasil Seed",,5000,25014,23485,25707
609,Amulet,,100,9348,38870,29600
610,"Yggdrasil Leaf",,4000,2899,2867,2796
611,Magnifier,,40,53,40,40
612,"Mini Furnace",,150,8599,,
613,"Iron Hammer",,1000,1000,,
614,"Golden Hammer",,3000,3000,,
615,"Oridecon Hammer",,5000,8448,3200,3200
616,"Old Card Album",,10000,2010651,1736718,1737748
617,"Old Purple Box",,10000,89537,81074,90317
618,"Worn Out Scroll",,50,4256,6993,17700
619,"Unripe Apple",,1000,10782,11250,
620,"Orange Juice",,1500,2642,1500,1500
621,"Bitter Herb",,20,23060,,
622,"Rainbow Carrot",,2500,29881,9500,9833
623,"Earthworm the Dude",,4000,10633,9283,
624,"Rotten Fish",,2500,7049,9300,9300
625,"Rusty Iron",,100,4045,5984,5984
626,"Monster Juice",,1500,41264,10000,10000
627,"Sweet Milk",,7000,42262,,
628,"Well-Dried Bone",,10000,19344,7676,
629,"Singing Flower",,300,1867,945,7000
630,"Dew Laden Moss",,10,485,199,200
631,"Deadly Noxious Herb",,20,2456,886,867
632,"Fatty Chubby Earthworm",,5000,17474,5000,5000
633,"Sweet Potato",,20,15351,15345,
634,"Tropical Banana",,20,38449,12089,14614
635,"Orc Trophy",,300,35582,18749,60000
636,"No Recipient",,100,12377,4999,
637,"Old Broom",,350,12914,941,941
638,"Silver Knife of Chastity",,12000,76128,72000,72000
639,"Armlet of Obedience",,18000,10023,7726,
640,"Shining Stone",,3000,4192,2698,2134
641,"Contract in Shadow",,100,43354,14215,
642,"Book of the Devil",,1800,12086,,
643,"Pet Incubator",,3000,2046,2350,2233
644,"Gift Box",,1000,6976,6789,6903
645,"Concentration Potion",,800,699,708,688
656,"Awakening Potion",,1500,1308,1269,1272
657,"Berserk Potion",,3000,2536,2613,2635
659,"Her Heart",,500,14298,6000,
660,"Forbidden Red Candle",,20000,1073015,699667,
661,"Soft Apron",,20000,66048,8333,8333
662,"Authoritative Badge",,1450,1433,2132,2473
664,"Gift Box",,1000,17664,,
665,"Gift Box",,1000,6800,,
666,"Gift Box",,1000,14667,,
667,"Gift Box",,1000,14417,,
678,"Poison Bottle",,5000,44158,44532,48345
679,Pilule,,5000,500,,
686,"Level 3 Earth Spike",,1000,1731,500,
687,"Level 5 Earth Spike",,2000,3941,,
688,"Level 3 Cold Bolt",,1000,495,,
689,"Level 5 Cold Bolt",,2000,1011,,
690,"Level 3 Fire Bolt",,1000,1325,,
691,"Level 5 Fire Bolt",,2000,1459,2000,
692,"Level 3 Lightning Bolt",,1000,749,750,
693,"Level 5 Lightning Bolt",,2000,3066,,
695,"Level 5 Soul Strike",,2000,1478,,
699,"Level 5 Fire Wall",,2000,1422,,
700,"Level 1 Frost Diver",,1000,806,,
701,"Ora Ora",,55000,61606,74606,62000
702,"Animal Gore",,450,1425,3999,
703,Hinalle,,500,3685,3561,2661
704,Aloe,,500,3571,2749,3000
705,Clover,,10,756,1617,
706,"Four Leaf Clover",,80000,47545,49030,54250
707,"Singing Plant",,500,131227,310909,255000
708,Ment,,500,37138,31086,95000
709,Izidor,,500,32673,45160,
710,"Illusion Flower",,1000,489194,730745,739680
711,Shoot,,16,635,1177,
712,Flower,,2,17500,,
713,"Empty Bottle",,6,290,224,247
714,Emperium,,2,25045,29278,24239
715,"Yellow Gemstone",,600,953,746,765
716,"Red Gemstone",,600,483,375,383
717,"Blue Gemstone",,600,508,570,583
718,Garnet,,6000,6883,,
719,Amethyst,,6000,10793,4503,
720,Aquamarine,,6000,4222,3605,
721,Emerald,,6000,12403,5826,5800
722,Pearl,,6000,4291,4871,4844
723,Ruby,,6000,5111,4999,
724,"Cursed Ruby",,600,2605,1300,
725,Sardonyx,,6000,3497,,
726,Sapphire,,6000,3454,14999,
727,Opal,,6000,6606,7830,7661
728,Topaz,,6000,6555,,
729,Zircon,,6000,9580,,
730,"1carat Diamond",,10000,11203,8731,8499
731,"2carat Diamond",,25000,16430,17908,19599
732,"3carat Diamond",,55000,54079,58829,54086
733,"Cracked Diamond",,10,4796,3963,
734,"Red Frame",,3000,1643,,
735,"Chung Jah",,5000,10000,,
736,China,,1000,26716,,
739,Rouge,,10000,5673,,
740,Puppet,,1000,12200,,
741,"Poring Doll",,1800,5707,,
742,"Chonchon Doll",,3000,5157,,
743,"Spore Doll",,5500,6026,3450,
744,Bouquet,,2000,5511,,
745,"Wedding Bouquet",,12000,5000,,
746,"Glass Bead",,1400,2387,2360,2403
747,"Crystal Mirror",,15000,29613,26874,
748,"Witherless Rose",,55000,45149,41343,37953
749,"Frozen Rose",,35000,34393,32222,32222
750,"Baphomet Doll",,18000,28487,10316,
751,"Osiris Doll",,14000,16883,15861,22222
752,"Rocker Doll",,4000,5338,,
753,"Yoyo Doll",,6000,17948,15556,20000
754,"Raccoon Doll",,5000,7602,6999,
756,"Rough Oridecon",,550,849,688,696
757,"Rough Elunium",,650,2758,3203,3201
901,Daenggie,,260,1759,4827,4666
903,"Reptile Tongue",,140,4229,1636,1713
904,"Scorpion Tail",,124,1312,1246,1627
905,Stem,,46,1155,1226,1198
906,"Pointed Scale",,68,627,236,249
907,Resin,,120,1177,2361,2169
908,Spawn,,140,1185,1466,2784
909,Jellopy,,6,197,277,249
910,Garlet,,40,202,255,459
911,Scell,,160,174,114,120
912,Zargon,,480,315,296,332
913,"Tooth of Bat",,34,1220,1551,4998
914,Fluff,,8,390,487,322
915,Chrysalis,,8,1381,,
916,"Feather of Birds",,10,1665,2018,2208
918,"Sticky Webfoot",,20,854,,
919,"Animal Skin",,36,249,76,89
920,"Wolf Claw",,58,36,,
921,"Mushroom Spore",,36,270,457,567
923,"Evil Horn",,1200,2037,,
924,"Powder of Butterfly",,90,694,1361,888
925,"Bill of Birds",,64,276,85,94
926,"Snake Scale",,82,1526,2576,4373
928,"Insect Feeler",,114,2133,3895,1690
929,"Immortal Heart",,374,1981,2299,2285
930,"Rotten Bandage",,350,660,1014,3025
931,"Orcish Voucher",,142,236,181,183
932,Skel-Bone,,232,569,1054,1714
934,Memento,,600,341,,
935,Shell,,14,825,318,1291
936,"Scale Shell",,466,444,,
937,"Venom Canine",,148,294,306,373
938,"Sticky Mucus",,70,249,89,75
939,"Bee Sting",,32,890,721,800
940,"Grasshopper's Leg",,36,2013,1515,1630
941,"Nose Ring",,568,1500,,
942,"Yoyo Tail",,114,1492,600,981
943,"Solid Shell",,448,579,1435,1626
945,"Raccoon Leaf",,106,537,754,
946,"Snail's Shell",,64,3862,1639,2666
947,Horn,,116,855,780,712
948,"Bear's Footskin",,174,1078,684,681
949,Feather,,20,285,809,682
950,"Heart of Mermaid",,264,744,491,557
951,Fin,,412,272,,
952,"Cactus Needle",,82,270,394,335
953,"Stone Heart",,184,3512,3245,3246
954,"Shining Scale",,466,879,1498,
955,"Worm Peeling",,52,1358,619,1119
956,Gill,,342,582,422,381
957,"Decayed Nail",,82,2497,1302,954
958,"Horrendous Mouth",,390,1380,742,580
959,"Stinky Scale",,168,2406,3617,3265
960,Nipper,,114,2783,961,2209
961,Conch,,158,594,490,
962,Tentacle,,70,461,350,328
963,"Sharp Scale",,250,761,585,2059
964,"Crab Shell",,90,7532,,
965,"Clam Shell",,56,4414,3741,4998
966,"Clam Flesh",,158,5031,4737,
968,"Heroic Emblem",,3000,123582,116894,117056
969,Gold,,200000,144472,135447,130117
970,Alcohol,,400,7026,6537,6809
971,Detrimindexta,,400,2603,1004,1000
972,Karvodailnirol,,400,36074,30680,31010
973,Counteragent,,800,23252,3000,
974,Mixture,,800,25448,,
975,"Scarlet Dyestuffs",,8000,12406,10851,11332
976,"Lemon Dyestuffs",,8000,8188,6000,
978,"Cobaltblue Dyestuffs",,8000,10316,7611,4999
979,"Darkgreen Dyestuffs",,8000,7379,5262,
980,"Orange Dyestuffs",,8000,12296,15714,12999
981,"Violet Dyestuffs",,8000,6895,5321,4891
982,"White Dyestuffs",,8000,17640,31142,24856
983,"Black Dyestuffs",,8000,17191,41871,33888
984,Oridecon,,1100,2847,2951,2981
985,Elunium,,1100,14192,16542,17325
986,Anvil,,30000,5333,,
987,"Oridecon Anvil",,120000,58414,53667,55000
988,"Golden Anvil",,300000,242152,225000,202500
989,"Emperium Anvil",,600000,446840,376505,401457
990,"Red Blood",,1000,861,1285,2418
991,"Crystal Blue",,1000,1300,1473,1662
992,"Wind of Verdure",,1000,1915,1858,1695
993,"Green Live",,1000,787,702,770
994,"Flame Heart",,3000,4364,4089,4594
995,"Mystic Frozen",,3000,6902,6510,6659
996,"Rough Wind",,3000,14061,11476,11466
997,"Great Nature",,3000,4385,4312,4317
998,Iron,,100,185,130,171
999,Steel,,1000,1403,988,1029
1000,"Star Crumb",,4500,2700,2743,2523
1001,"Star Dust",,1500,898,1164,1057
1002,"Iron Ore",,50,236,758,390
1003,Coal,,500,552,571,529
1004,"Chivalry Emblem",,2,5774,9067,9046
1005,"Hammer of Blacksmith",,2,10274,8048,7650
1006,"Old Magicbook",,2,2070,1472,1199
1007,"Necklace of Wisdom",,2,66971,54500,51400
1008,"Necklace of Oblivion",,2,21707,22057,
1009,"Hand of God",,2,16925,11562,12115
1010,Phracon,,200,501,,
1011,Emveretarcon,,1000,1088,,
1012,Frill,,250,917,,
1013,"Rainbow Shell",,90,1247,2543,4943
1015,Tongue,,528,2311,1573,1595
1017,"Mole Whiskers",,106,375,190,185
1019,Trunk,,60,576,485,771
1020,"Black Hair",,292,1777,1741,4055
1021,"Dokebi Horn",,292,1978,3419,
1022,"Nine Tails",,650,565,690,620
1023,"Fish Tail",,196,1591,1031,1357
1024,"Squid Ink",,264,2696,2652,3024
1025,Cobweb,,184,1048,1039,1211
1026,Acorn,,98,794,609,4989
1027,"Porcupine Quill",,158,2196,1470,1474
1028,Mane,,196,1958,1167,1311
1029,"Tiger Skin",,548,237493,,
1030,"Tiger's Footskin",,1500,1254435,1440833,
1031,"Mantis Scythe",,196,1958,2947,3248
1032,"Maneater Blossom",,196,228,248,187
1033,"Maneater Root",,208,147,690,
1035,"Dragon Canine",,484,401,308,569
1036,"Dragon Scale",,500,506,495,457
1037,"Dragon Tail",,1200,1068,618,69
1038,"Little Evil Horn",,528,692,448,454
1039,"Little Evil Wing",,2000,1130,950,
1040,"Elder Pixie's Moustache",,232,2131,3873,4179
1041,Lantern,,250,1377,1272,984
1042,"Bug Leg",,430,3111,2226,2049
1043,"Orc Claw",,168,3415,4635,4444
1044,"Zenorc's Fang",,264,500,603,
1048,"Horrendous Hair",,800,927,763,798
1049,"Skirt of Virgin",,1700,3344,1400,1400
1050,Tendon,,220,2144,785,998
1051,Detonator,,450,875,,
1052,"Single Cell",,46,1230,160,153
1053,"Ancient Tooth",,548,3316,2778,2500
1054,"Ancient Lips",,1000,684,798,798
1055,"Earthworm Peeling",,196,1491,4573,4959
1056,Grit,,306,1530,,
1057,"Moth Dust",,138,2094,2085,1955
1058,"Moth Wings",,200,5572,11241,10750
1059,Fabric,,306,783,490,507
1061,"Witch Starsand",,484,1065,961,929
1062,"Jack o' Pumpkin",,374,1740,2337,
1065,Trap,,100,93,90,90
1066,"Fine-grained Trunk",,2,1774,2162,4998
1067,"Solid Trunk",,2,571,,
1068,"Barren Trunk",,2,2938,1000,
1069,"Orange Net Mushroom",,2,6889,9999,9999
1070,"Orange Gooey Mushroom",,2,2781,3333,3333
1088,"Morocc Solution",,0,6901,10000,10000
1089,"Payon Solution",,0,6935,10000,10000
1094,"Short Daenggie",,278,2420,,
1095,"Needle of Alarm",,546,701,800,
1097,"Worn Out Page",,948,2779,1860,1753
1098,Manacles,,658,3188,2333,4444
1099,"Worn-out Prison Uniform",,680,1886,1562,1725
1101,Sword,3,100,500,,
1104,Falchion,3,1500,,,
1105,Falchion,4,1500,4769,,
1107,Blade,3,2900,,,
1108,Blade,4,2900,116044,69752,59990
1111,Rapier,3,10000,50000,,
1113,Scimitar,2,17000,6750,,
1114,Scimitar,3,17000,19472,35000,
1116,Katana,3,2000,4754,,
1117,Katana,4,2000,14514,7135,7414
1119,Tsurugi,1,51000,80000,50000,50000
1120,Tsurugi,2,51000,64788,28083,34000
1122,"Ring Pommel Saber",2,24000,36518,30000,
1123,Haedonggum,1,50000,142612,150000,
1124,"Orcish Sword",,20,36410,11250,
1125,"Ring Pommel Saber",3,24000,44208,25000,
1126,Saber,2,49000,133000,,
1127,Saber,3,49000,148186,176080,200555
1128,Haedonggum,2,50000,500106,278455,273333
1129,Flamberge,,60000,55000,,
1130,Nagan,,20,54670,94490,99799
1131,"Ice Falchion",,20,1010168,911363,900000
1132,Edge,,20,126377,248000,
1133,Firebrand,,20,1817151,1370555,2000000
1134,"Caesar's Sword",,20,5500000,4999999,
1135,Cutlass,,20,436923,440952,
1136,"Solar Sword",,20,239968,77999,230000
1138,Mistilteinn,,20,356354,302433,299586
1139,Tyrfing,,20,7205554,,
1140,Byeol-ungeom,,20,415438,371429,350000
1141,"Immaterial Sword",,20,7602205,6700000,
1142,"Jeweled Sword",,20,68625000,,
1143,"Gaia Sword",,20,15500000,,
1146,"Town Sword",1,42000,40000,,
1147,"Town Sword",2,42000,30756,21198,21498
1148,"Star Dust Blade",1,20,131778,,
1149,Flamberge,2,60000,,,
1152,Slayer,3,15000,13606,10000,
1154,"Bastard Sword",2,22500,20000,,
1155,"Bastard Sword",3,22500,69418,45312,
1157,"Two-Handed Sword",1,60000,37500,,
1158,"Two-Handed Sword",2,60000,58884,56738,44698
1160,"Broad Sword",1,65000,38750,,
1162,"Broad Sword",2,65000,68899,122400,44500
1163,Claymore,,74000,58326,59184,58148
1164,Muramasa,,20,407051,171357,119444
1165,Masamune,,20,19999999,,
1166,"Dragon Slayer",,20,9273959,7048205,6874706
1167,Schweizersabel,,20,108928,98248,99699
1168,Zweihander,,20,1590895,1414166,
1170,Katzbalger,,20,730301,750000,
1171,Zweihander,2,20,7750000,,
1172,Claymore,2,74000,1560000,2500000,2500000
1178,Schweizersabel,2,20,3084577,2999999,3000000
1180,"Dragon Slayer",2,20,78970000,,
1201,Knife,3,50,0,,
1202,Knife,4,50,5319,,
1205,Cutter,4,1250,13173,,
1206,Cutter,,1250,40000,,
1207,"Main Gauche",3,2400,15420,,
1208,"Main Gauche",4,2400,17934,15683,16137
1211,Dirk,3,8500,24000,,
1214,Dagger,3,14000,16465,,
1216,Stiletto,2,19500,13414,,
1217,Stiletto,3,19500,16412,21791,22908
1219,Gladius,2,43000,66473,40000,30000
1220,Gladius,3,43000,182063,201580,204833
1222,Damascus,1,49000,37603,,
1223,"Fortune Sword",,20,1048788,763965,639285
1224,Swordbreaker,,20,6681249,,
1225,Mailbreaker,,20,6479999,,
1226,Damascus,2,49000,38544,35942,40000
1228,"Combat Knife",,20,10609776,5215455,5090000
1229,"Kitchen Knife",,20,86443,150000,
1230,"Ice Pick",,20,149157305,,
1231,Bazerald,,20,14896861,9090000,7866666
1232,"Assassin Dagger",,20,463953,136363,150000
1233,Exorciser,,20,3956168,3453611,3340714
1234,"Moonlight Dagger",,20,1228801,973562,880000
1235,Azoth,,20,346979,299999,199999
1236,Sucsamad,,20,118216,96071,197000
1237,Grimtooth,,20,508068,431999,396222
1238,"Zeny Knife",,20,8266667,,
1239,"Poison Knife",,20,853968,,
1241,"Cursed Dagger",,80000,98898,98200,98000
1242,"Dagger of Counter",,120000,313990,254545,246667
1245,Cinquedea,1,40000,54000,,
1246,Cinquedea,2,40000,171982,,
1247,"Kindle Dagger",,10000,22758,,
1248,"Obsidian Dagger",,10000,27500,,
1249,"Fisherman's Dagger",,10000,25000,,
1250,Jur,2,19500,50000,50000,
1251,Jur,3,19500,212867,220239,268125
1252,Katar,1,41000,65571,,
1253,Katar,2,41000,56280,78696,80789
1254,Jamadhar,,37200,44999,,
1255,Jamadhar,1,37200,122809,73059,80444
1256,"Katar of Frozen Icicle",,45000,535117,340164,342714
1257,"Katar of Quaking",,45000,558232,435000,387500
1258,"Katar of Raging Blaze",,45000,433877,250676,360278
1259,"Katar of Piercing Wind",,45000,2406591,1933500,
1260,"Sharpened Legbone of Ghoul",,52500,54597,66600,
1261,Infiltrator,,57000,1796782,1728890,1631991
1262,"Loki's Nail",,20,41523,31667,
1263,"Unholy Touch",,20,26184,62071,100000
1264,"Specialty Jur",4,20,487222,540596,602100
1265,"Bloody Roar",,20,377992,148235,145313
1266,Infiltrator,1,57000,12361323,14970000,
1270,"Drill Katar",1,20,138433,118333,130000
1275,"Katar of Frozen Icicle",3,45000,3903030,2099999,
1276,"Katar of Quaking",3,45000,3945218,3500000,3500000
1277,"Katar of Raging Blaze",3,45000,3482580,2562500,
1278,"Katar of Piercing Wind",3,45000,11943499,,
1301,Axe,3,500,100,,
1302,Axe,4,500,6250,,
1304,"Orcish Axe",,20,10178,6996,4000
1306,"War Axe",1,20,4620833,1125000,950000
1307,Windhawk,,18000,89991,100581,117250
1309,"Orcish Axe",4,20,802022,721274,700000
1351,"Battle Axe",3,5400,9667,,
1352,"Battle Axe",4,5400,12168,19252,
1355,Hammer,3,15500,30500,,
1357,Buster,1,34000,28000,,
1358,Buster,2,34000,20709,35000,35000
1360,"Two-Handed Axe",1,55000,53667,60000,
1361,"Two-Handed Axe",2,55000,57558,60823,58049
1363,"Bloody Axe",,20,1551678,1599280,1689286
1364,"Great Axe",,20,165454,200000,200000
1365,Sabbath,,20,95876,50000,50000
1366,"Light Epsilon",,20,973484,621154,700000
1367,Slaughter,,20,5800000,,
1368,Tomahawk,,20,1825866,1552362,1533299
1369,Guillotine,,20,1109207,1850000,1778571
1402,Javelin,4,150,13083,,
1405,Spear,4,1700,7583,7994,
1407,Pike,3,3450,35852,,
1408,Pike,4,3450,68564,66637,59333
1410,Lance,,60000,36667,,
1411,Lance,,60000,56438,,
1413,Gungnir,,20,654653,449090,374999
1415,Brocca,,20,19990817,17525000,17400000
1416,Tjungkuletti,,20,6000000,6999999,
1417,"Pole Axe",1,20,10047258,5999750,5000000
1418,Gungnir,2,20,8000000,,
1451,Guisarme,2,13000,8462,,
1452,Guisarme,3,13000,8744,,
1454,Glaive,2,20000,8200,,
1455,Glaive,3,20000,19882,45000,
1457,Partizan,1,27000,10000,,
1458,Partizan,2,27000,28077,,
1460,Trident,2,51000,37258,25000,
1461,Trident,3,51000,215715,183565,233333
1463,Halberd,1,54000,40250,,
1464,Halberd,2,54000,91863,50000,50000
1466,"Crescent Scythe",,20,359103,358333,330000
1468,Zephyrus,,20,353946,347697,374466
1469,"Longinus's Spear",,20,127311,100000,
1470,Brionac,,20,445957,154545,150000
1471,Hellfire,,20,2999118,1110000,1249999
1472,"Soul Staff",,20,106452,76517,89817
1473,"Wizardry Staff",,20,4632024,3899999,4200000
1474,"Gae Bolg",,20,339457,169048,190999
1476,"Crescent Scythe",1,20,1881818,,
1480,"Gae Bolg",2,20,4655444,,
1481,Zephyrus,3,20,7000000,,
1501,Club,3,120,556,,
1502,Club,4,120,7500,,
1504,Mace,3,1600,14500,,
1505,Mace,4,1600,27170,11975,8833
1508,Smasher,3,9000,23763,,
1510,Flail,2,16000,12055,,
1511,Flail,3,16000,50000,,
1513,"Morning Star",1,41000,96667,,
1514,"Morning Star",2,41000,46897,,
1516,"Sword Mace",,50000,29000,,
1517,"Sword Mace",1,50000,49177,86147,89259
1519,Chain,2,23000,109500,,
1520,Chain,3,23000,168757,128625,119350
1522,Stunner,,60000,169044,,
1523,Spike,,20,654874,395000,
1524,"Golden Mace",1,20,152351,150000,
1525,"Long Mace",,20,2003180,894833,515000
1527,Quadrille,,20,150129,99000,
1528,"Grand Cross",,20,2036345,2224000,2100000
1529,"Iron Driver",,20,2270000,475000,
1531,Wrench,,20,430308,,
1532,Stunner,2,60000,3306857,,
1538,Spike,2,20,4571111,,
1550,Book,3,30000,103284,99130,113125
1551,Bible,2,60000,35334,30700,40000
1552,Tablet,1,51000,61027,,
1553,"Book of Billows",,35000,219209,181787,164656
1554,"Book of Mother Earth",,35000,213848,161078,158207
1555,"Book of the Blazing Sun",,35000,228995,185555,165000
1556,"Book of Gust of Wind",,35000,224379,204091,168750
1557,"Book of the Apocalypse",,60000,131113,,
1558,"Girl's Diary",1,1500,5907,1250,1999
1559,"Legacy of Dragon",,20,158497,320000,
1560,"Sage's Diary",2,20,735984,706515,673889
1561,"Hardcover Book",1,20,59760,55862,63450
1568,"Book of Billows",3,35000,1753642,2000000,1999999
1569,"Book of Mother Earth",3,35000,1535167,1875000,1866666
1570,"Book of Blazing Sun",3,35000,1824625,2000000,2000000
1571,"Book of Gust of Wind",3,35000,1699500,1745000,
1602,Rod,4,50,1878,5862,8500
1604,Wand,2,2500,3500,,
1605,Wand,3,2500,17775,,
1607,Staff,2,9500,14000,,
1608,Staff,3,9500,24060,40725,25000
1610,"Arc Wand",1,45000,47000,5000,
1611,"Arc Wand",2,45000,39497,36838,39950
1613,"Mighty Staff",,20,53416,50700,25000
1614,"Wand of Occult",,20,27920,13570,10978
1615,"Evil Bone Wand",,20,146738,92429,97221
1616,"Wing Staff",,20,594474,1525833,1250000
1617,"Survivor's Rod",,85000,159281,,
1618,"Survivor's Rod",1,85000,2421447,1724125,1800000
1619,"Survivor's Rod",,85000,156750,147500,115000
1620,"Survivor's Rod",1,85000,321967,164376,159933
1621,"Hypnotist's Staff",1,43000,9667,,
1622,"Hypnotist's Staff",2,20,14576,11747,5571
1625,"Healing Staff",,20,653273,862507,868333
1629,"Gentleman's Staff",1,20,6824401,,
1702,Bow,4,1000,14868,,
1704,"Composite Bow",3,2500,203631,,
1705,"Composite Bow",4,2500,290655,391696,396932
1707,"Great Bow",2,10000,16666,,
1708,"Great Bow",3,10000,12874,16666,
1710,Crossbow,2,17000,22128,,
1711,Crossbow,3,17000,31207,21128,25000
1713,Arbalest,1,48000,69500,,
1714,Gakgung,1,42000,54537,,
1715,Arbalest,2,48000,425537,330732,355002
1716,Gakgung,2,42000,1111892,717608,750000
1718,"Hunter Bow",,64000,59738,,
1720,"Rudra Bow",,20,4932570,3498818,3497833
1721,"Repeating Crossbow",1,89000,,,
1722,Ballista,,124000,,,
1723,"Luna Bow",2,20,2544172,3000000,
1724,"Dragon Wing",,20,1410400,691667,700000
1726,"Hunter Bow",1,64000,3077475,,
1750,Arrow,,1,2,2,2
1751,"Silver Arrow",,3,3,4,3
1752,"Fire Arrow",,3,4,5,4
1753,"Steel Arrow",,4,8,4,
1754,"Crystal Arrow",,3,26,23,10
1755,"Arrow of Wind",,3,85,9,
1756,"Stone Arrow",,3,67,10,
1757,"Immaterial Arrow",,3,68,,
1758,"Stun Arrow",,10,12,,
1759,"Frozen Arrow",,10,9,,
1760,"Flash Arrow",,10,5,,
1761,"Cursed Arrow",,10,15,,
1763,"Poison Arrow",,10,9,,
1764,"Sharp Arrow",,20,23,,
1765,"Oridecon Arrow",,30,24,,
1767,"Arrow of Shadow",,3,20,20,
1768,"Sleep Arrow",,10,11,,
1769,"Mute Arrow",,10,5,3,5
1770,"Iron Arrow",,2,2,3,3
1772,"Holy Arrow",,3,663,650,650
1801,Waghnak,3,8000,13728,,
1802,Waghnak,4,8000,84688,35091,47600
1804,"Knuckle Dusters",3,25000,36304,,
1805,"Studded Knuckles",2,32000,30000,,
1806,"Studded Knuckles",3,32000,132889,68750,
1807,Fist,,53000,83333,,
1808,Fist,1,53000,108594,90000,
1809,Claw,1,67000,43311,,
1810,Claw,2,67000,72099,,
1811,Finger,1,58000,11000,,
1812,Finger,2,58000,108855,37500,
1814,Berserk,,20,726678,796579,805625
1815,"Hati Claw",1,20,115037,69200,84000
1816,Berserk,1,20,5625000,,
1901,Violin,3,4000,29999,,
1902,Violin,4,4000,22213,100720,248000
1903,Mandolin,2,18000,15000,,
1904,Mandolin,3,18000,62538,10000,
1905,Lute,2,24500,200000,,
1906,Lute,3,24500,126082,100000,
1908,Guitar,1,47000,83907,83000,
1909,Harp,1,62000,42313,,
1910,Harp,2,62000,141344,85875,50000
1911,Gumoongoh,1,54000,31389,,
1912,Gumoongoh,2,54000,76345,,
1914,"Burning Passion Guitar",,20,28500,9667,9667
1915,"Loner's Guitar",,20,49104,,
1916,"Green Acre Guitar",,20,15185,,
1917,"Gentle Breeze Guitar",,20,106811,,
1918,"Oriental Lute",,20,748694,445560,700000
1922,"Oriental Lute",2,20,4912500,3849999,3699999
1950,Rope,3,2500,10000,,
1951,Rope,4,2500,27703,15611,17571
1952,Whip,2,12000,69500,,
1953,Whip,3,12000,61389,,
1954,"Wire Whip",2,17500,99000,,
1955,"Wire Whip",3,17500,134231,,
1956,"Rante Whip",,32000,80000,,
1957,"Rante Whip",1,32000,92611,,
1958,"Tail Whip",1,41000,36000,,
1959,"Tail Whip",2,41000,135296,400000,
1960,Whip,1,38000,50000,,
1961,Whip,2,38000,88958,,
1962,"Lariat Whip",,20,186000,90000,
1964,"Chemeti Whip",,20,206675,272500,300000
1965,"Red Flame Whip",,20,5746,3925,9900
1966,"Icicle Whip",,20,24644,35000,
1967,"Gaia Whip",,20,15323,790,900
1968,"Skipping Rope",,20,17285,50000,50000
1969,"Blade Whip",,20,137023,,
1970,"Queen's Whip",,20,1808314,1184882,
1971,"Electric Wire",,20,42039,,
1976,"Queen's Whip",2,20,11792317,9750000,8500000
2001,"Divine Cross",,20,178049,117598,116997
2101,Guard,,500,68674,55555,
2102,Guard,1,500,184637,60169,53139
2103,Buckler,,14000,9000,,
2104,Buckler,1,14000,366326,237310,226250
2105,Shield,,56000,,,
2106,Shield,1,56000,212764,130765,178490
2107,"Mirror Shield",,60000,99000,,
2108,"Mirror Shield",1,60000,139661,43656,33500
2109,"Memory Book",,20,5593917,5413889,4500000
2113,"Novice Shield",1,5000,55817,,
2114,"Stone Buckler",1,30000,448928,444238,434840
2115,"Valkyrja's Shield",1,30000,12500397,11012477,10035727
2116,"Angelic Guard",1,10000,37777,39369,46600
2118,"Arm Guard",1,10000,150000,,
2120,"Improved Arm Guard",1,40000,525000,,
2121,"Memory Book",1,20,31430000,30000000,
2123,"Orleans's Server",1,20,2315075,1289231,1376153
2201,Sunglasses,,5000,35728,35833,
2203,Glasses,,4000,48571,37000,
2205,"Diver Goggles",,3500,21926,,
2206,"Wedding Veil",,23000,20966,,
2207,"Fancy Flower",,20,1336,9,0
2208,Ribbon,,800,18333,,
2209,Ribbon,1,800,87604,64315,67750
2210,"Hair Band",,500,67636,75000,
2211,Bandana,,400,17319,,
2212,"Eye Patch",,1000,99519,,
2213,"Kitty Band",,20,413646,677267,760000
2214,"Bunny Band",,20,401531,337417,466666
2215,"Flower Band",,20,127468,29000,
2216,Biretta,,9000,40000,,
2217,Biretta,1,9000,64675,55489,74889
2218,"Flu Mask",,300,27962,15000,
2220,Hat,,1000,4180,0,
2221,Hat,1,1000,24291,17592,18215
2222,Turban,,4500,3000,,
2223,Turban,1,4500,162333,300000,300000
2224,Goggles,,20,10259,5700,
2225,Goggles,1,20,27034,26776,31250
2226,Cap,,12000,12909,,
2227,Cap,1,12000,50318,47099,51495
2228,Helm,,44000,46667,,
2229,Helm,1,44000,483638,285614,223525
2230,"Gemmed Sallet",,50000,75800,,
2231,"Gemmed Sallet",1,50000,413122,328167,
2232,Circlet,,7500,112400,,
2233,Circlet,1,7500,209818,190235,180000
2234,Tiara,,20,3661456,3225000,
2235,Crown,,20,4175598,3007222,2990000
2236,"Santa Hat",,20,9737,756,867
2239,Monocle,,10000,162011,4400,
2241,"Grampa Beard",,5000,17058,,
2242,"Purple Glasses",,24000,163416,,
2243,"Geek Glasses",,20000,39642,,
2244,"Big Ribbon",,15000,235116,275889,328999
2245,"Sweet Gent",,15000,95350,122500,145000
2246,"Golden Gear",,20,326754,226666,
2247,"Romantic Gent",,15000,136410,132454,200000
2248,"Western Grace",,15000,100873,112547,223333
2249,Coronet,,20,2514439,1285679,1525000
2250,"Cute Ribbon",,500,61362,95000,100000
2251,"Monk Hat",,30000,138604,133336,98750
2252,"Wizard Hat",,20,36318,33603,22115
2253,Sunflower,,20,1459,3,0
2254,"Angel Wing",,20,2989738,2276518,2244000
2255,"Evil Wing",,20,1487338,2035421,1993500
2256,"Majestic Goat",,20,3967836,3616667,3500000
2257,"Unicorn Horn",,20,9536,9653,
2258,"Spiky Band",,20,2464248,1273586,1300000
2259,"Mini Propeller",,20,19367,20000,
2260,"Mini Glasses",,28000,413687,213750,
2261,"Army Cap",,20,100329,40000,
2262,"Clown Nose",,20,34971,13375,8000
2263,"Zorro Masque",,20,40624,33333,
2264,"Munak Hat",,20,49560,37142,59999
2265,"Gangster Mask",,20,39882,53963,54154
2266,"Iron Cain",,20,93771,84207,56800
2267,Cigarette,,20,39717,25094,24895
2268,Pipe,,20,226064,138694,121704
2269,"Romantic Flower",,20,768678,845000,813444
2270,"Romantic Leaf",,20,38394,11529,11923
2271,"Jack be Dandy",,45000,540230,586666,
2272,"Stop Post",,20,53933,,
2273,"Doctor Band",,20,245555,,
2274,"Ghost Bandana",,20,680979,500639,489286
2275,"Red Bandana",,20,108462,157980,50000
2276,"Angled Glasses",,20,95132,34375,15000
2277,"Nurse Cap",,20,31702,41750,36667
2278,"Mr. Smile",,60,52214,51644,53500
2279,"Bomb Wick",,20,39058,84167,
2280,Sakkat,,20,69215,53922,48333
2281,"Opera Masque",,20,224429,445555,502499
2282,Halo,,20,12026,1997,
2283,"Ear Muffs",,20,270139,,
2284,Antlers,,20,71186,50000,
2285,"Apple of Archer",,20,1161437,1276362,1304032
2286,"Elven Ears",,20,7483351,8631355,8533332
2287,"Pirate Bandana",,20,84336,75968,68098
2288,"Mr. Scream",,20,18242,11221,13597
2289,"Poo Poo Hat",,20,166290,56017,39082
2290,"Funeral Hat",,3000,38420,,
2291,Masquerade,,20,534457,340442,499999
2292,"Welding Mask",,20,203646,169000,209500
2293,"Pretend Murdered",,20,27571,,
2294,Stellar,,20,21688,93750,3000
2295,Blinker,,1500,1068847,717580,849111
2296,Binoculars,,20,252642,238944,278668
2297,"Goblin Mask",,20,20384,11665,
2298,"Green Feeler",,20,37680,42000,
2299,"Orc Helm",,20,25121,30000,27142
2302,"Cotton Shirt",1,10,7325,4037,500
2303,Jacket,,200,213,50,
2304,Jacket,1,200,5780,,
2305,"Adventurer's Suit",,1000,7800,,
2306,"Adventurer's Suit",1,1000,11334,9000,10000
2308,Mantle,1,10000,16666,11426,14500
2309,Coat,,22000,37500,,
2310,Coat,1,22000,74463,22622,44000
2311,"Mink Coat",1,20,85818,33207,36375
2312,"Padded Armor",,48000,48000,,
2313,"Padded Armor",1,48000,88110,34680,39547
2314,"Chain Mail",,65000,121800,,
2315,"Chain Mail",1,65000,151988,39798,33083
2316,"Full Plate",,80000,214667,,
2317,"Full Plate",1,80000,853043,305521,283958
2318,"Lord's Clothes",1,20,784532,497611,448136
2319,"Glittering Jacket",1,20,1140217,637000,603265
2320,"Formal Suit",1,20,1017301,910133,833333
2321,"Silk Robe",,8000,89999,,
2322,"Silk Robe",1,8000,87511,18420,16627
2324,Scapulare,1,6500,15537,19055,
2325,"Saint's Robe",,54000,198832,,
2326,"Saint's Robe",1,54000,303792,278376,257538
2327,"Holy Robe",,20,5123906,3864476,3900000
2329,"Wooden Mail",1,5500,7416,6909,49999
2330,Tights,,71000,159999,,
2331,Tights,1,71000,377239,204084,225720
2332,"Silver Robe",,7000,2500,,
2333,"Silver Robe",1,7000,7385,4500,
2334,"Mage Coat",,20,1365651,522221,555555
2335,"Thief Clothes",,74000,154167,,
2336,"Thief Clothes",1,74000,519667,328800,400000
2337,"Ninja Suit",,20,839297,956042,944375
2338,"Wedding Dress",,43000,63826,73711,
2339,Pantie,,1000,9281,9626,6353
2340,"Novice Breastplate",1,89000,59539,50000,
2341,"Legion Plate Armor",,94000,151857,,
2342,"Legion Plate Armor",1,102500,430390,120983,108667
2343,"Robe of Cast",,124800,654710,471250,393333
2349,"Aebecee's Raging Typhoon Armor",1,136000,259999999,,
2353,"Odin's Blessing",1,30000,2117414,2136089,2172449
2354,"Goibne's Armor",,50000,996114,822556,606250
2355,"Angelic Protection",1,10000,113444,237151,153666
2359,"Ninja Suit",1,20,5847912,6928571,6000000
2360,"Robe of Cast",1,124800,19447500,,
2371,Pantie,1,1000,19035086,19262169,18466667
2372,"Mage Coat",1,20,18891941,10777777,
2373,"Holy Robe",1,20,78200000,,
2401,Sandals,,400,54503,74000,
2402,Sandals,1,400,92949,62886,74483
2403,Shoes,,3500,72942,,
2404,Shoes,1,3500,273689,221727,220656
2405,Boots,,18000,115958,,
2406,Boots,1,18000,547144,372476,347259
2407,"Crystal Pumps",,20,76602,42954,33220
2408,Shackles,,5000,46622,39143,57847
2409,"High Heels",,8500,1367625,1344600,1334333
2411,Greaves,,48000,350600,,
2412,Greaves,1,54000,811130,371763,355169
2414,"Novice Slippers",,1,74000,,
2416,"Novice Shoes",1,35000,75759,17500,
2417,"Fricco's Shoes",,30000,271003,142825,154593
2418,"Vidar's Boots",,30000,1062744,1042930,1071350
2419,"Goibne's Greaves",,30000,422407,257395,313690
2420,"Angel's Reincarnation",1,10000,26853,40218,44624
2421,"Valkyrian Shoes",1,0,23992250,23992250,23989666
2432,"High Heels",1,8500,8186437,8000000,
2501,Hood,,1000,7374,,
2502,Hood,1,1000,10121,14211,18074
2503,Muffler,,5000,351750,,
2504,Muffler,1,5000,496253,338576,300231
2505,Manteau,,32000,67709,,
2506,Manteau,1,32000,683550,629967,620952
2507,"Ancient Cape",,82000,621892,1046384,770370
2508,"Ragamuffin Manteau",,56000,33092,32650,24667
2510,"Somber Novice Hood",,1,5000,,
2512,"Novice Manteau",1,50000,92460,50000,
2513,"Heavenly Maiden Robe",1,20,1977805,1548457,1464286
2514,Pauldron,1,20,5680503,5934615,5868182
2515,"Eagle Wing",1,20000,399253,186639,211944
2516,"Falcon Muffler",,30000,494734,254194,289809
2517,"Vali's Manteau",,30000,790490,777462,772593
2518,"Morpheus's Shawl",,30000,292095,238491,230707
2519,"Morrigane's Manteau",,30000,6378763,3080725,3050000
2520,"Goibne's Spaulders",,30000,829171,715442,625800
2521,"Angelic Cardigan",1,10000,98147,63865,55629
2522,Undershirt,,20000,26957,38623,37203
2523,Undershirt,1,20000,19202943,19559940,19894444
2524,"Valkyrian Manteau",1,0,36083333,18250000,17500000
2525,"Ancient Cape",1,82000,6143273,6140000,6500000
2601,Ring,,30000,1371378,1522722,1443750
2602,Earring,,30000,970919,741707,747317
2603,Necklace,,30000,263637,152143,150000
2604,Glove,,30000,1390419,1355176,1335000
2605,Brooch,,30000,346583,263432,369967
2607,Clip,1,30000,700262,557586,563335
2608,Rosary,,15000,18575,16994,
2609,"Skull Ring",,10000,14827,,
2610,"Gold Ring",,30000,12500,,
2611,"Silver Ring",,20000,9998,,
2613,"Diamond Ring",,45000,95319,94121,91898
2614,"Eye of Dullahan",,90000,458012,410389,500000
2615,"Safety Ring",,75000,2145776,1715529,1693750
2616,"Critical Ring",,75000,370603,234579,264222
2617,"Celebrant's Mitten",,2,121076,91599,86178
2618,"Matyr's Leash",,2,44284,42910,46124
2619,"Bow Thimble",,10000,5236609,4572516,5472545
2620,"Rogue's Treasure",,10000,3698604,4959118,4564091
2621,Ring,1,30000,1402748,738558,688801
2622,Earring,1,30000,10921925,2494091,2257999
2623,Necklace,1,30000,6532155,4000000,4000000
2624,Glove,1,30000,3331685,3879500,3907143
2625,Brooch,1,30000,346037,269884,267344
2626,Rosary,1,15000,61658,51725,69250
2627,Belt,1,20000,76163,,
2628,"Novice Armlet",1,400,29852,,
2648,"Morpheus's Ring",,30000,3714780,2399857,2360000
2649,"Morpheus's Bracelet",,30000,4698893,2445676,2249167
2650,"Morrigane's Belt",,30000,517650,232527,269286
2651,"Morrigane's Pendant",,30000,765893,438718,466842
2652,"Goddess of Fortune's Cursed Br",,20,49092,102022,
2654,"Shinobi Sash",,20000,58941,38306,39241
2655,"Bloodied Shackle Ball",,50000,54270048,57666667,53000000
2656,"Armor Charm",,20000,67097,30713,19529
2657,"Laboratory Permit",,20,59881,,
2658,"Nile Rose",1,2,631114,565333,630000
2659,"Vesper Core 01",,20,11384758,8200000,
2660,"Vesper Core 02",,20,60410357,65000000,65000000
2661,"Vesper Core 03",,20,12267494,9900000,
2662,"Vesper Core 04",,20,12142379,10450000,10450000
2671,"Bow Thimble",1,10000,62081727,62000000,
2715,"Skull Ring",1,10000,1282300,,
2716,"Librarian Glove",1,20,90932,137833,143000
2717,"Pocket Watch",,20,610789,160769,143333
2718,"Lunatic Brooch",1,20,50285,66578,62250
4001,"Poring Card",,20,94813,69046,60000
4002,"Fabre Card",,20,2158619,2148889,2125000
4003,"Pupa Card",,20,1261457,867482,886061
4004,"Drops Card",,20,1509437,1818708,1867974
4005,"Santa Poring Card",,20,66579,52579,47768
4006,"Lunatic Card",,20,269026,408285,429667
4007,"Pecopeco Egg Card",,20,4482772,5114875,5183333
4008,"Picky Card",,20,385276,382917,230000
4009,"Chonchon Card",,20,168199,128295,150000
4010,"Willow Card",,20,324179,182600,182600
4011,"Eggshell Picky Card",,20,39331,50000,
4012,"Thief Bug Egg Card",,20,1201320,1260000,1133333
4013,"Ant Egg Card",,20,142496,155000,110000
4014,"Roda Frog Card",,20,1142815,895000,
4015,"Condor Card",,20,130228,,
4016,"Thief Bug Card",,20,42354,22500,10000
4017,"Savage Babe Card",,20,1101479,1425000,1425000
4019,"Hornet Card",,20,73125,,
4020,"Familiar Card",,20,38526,60555,57037
4021,"Rocker Card",,20,622494,1137500,1625000
4022,"Spore Card",,20,108144,117000,35500
4023,"Baby Desert Wolf Card",,20,744152,1238271,838889
4024,"Plankton Card",,20,895232,418908,880000
4025,"Skeleton Card",,20,173142,88555,79999
4026,"Female Thief Bug Card",,20,735787,780666,
4027,"Kukre Card",,20,1007554,572707,564889
4028,"Tarou Card",,20,2668888,2466061,2449906
4029,"Wolf Card",,20,102132,103970,117176
4030,"Mandragora Card",,20,524337,588432,632388
4031,"Pecopeco Card",,20,571929,1233156,1240571
4032,"Ambernite Card",,20,57478,,
4033,"Poporing Card",,20,28151,30125,66666
4034,"Wormtail Card",,20,635771,680000,900000
4035,"Hydra Card",,20,1530036,1467062,1351728
4036,"Muka Card",,20,42302,40000,
4037,"Boa Card",,20,35536,20143,24500
4038,"Zombie Card",,20,43083,,
4039,"Stainer Card",,20,234849,550000,550000
4040,"Creamy Card",,20,2612437,2706488,2948750
4041,"Coco Card",,20,12925,,
4042,"Steel Chonchon Card",,20,12955,16157,10444
4043,"Ant Card",,20,942736,998182,1110000
4044,"Smokie Card",,20,2226192,2095000,2833333
4045,"Horn Card",,20,3564872,4632672,4480642
4046,"Martin Card",,20,12736,15000,
4048,"Poison Spore Card",,20,34828,19451,90000
4049,"Vadon Card",,20,2820092,2710604,2663299
4050,"Male Thief Bug Card",,20,615200,384222,340000
4051,"Yoyo Card",,20,1079370,941074,1099155
4052,"Elder Willow Card",,20,1616040,1352166,1305577
4053,"Vitata Card",,20,1857482,2020028,2200000
4055,"Marina Card",,20,811840,649911,649911
4056,"Dustiness Card",,20,514010,604722,550000
4057,"Metaller Card",,20,789994,750000,750000
4058,"Thara Frog Card",,20,3119908,3711276,4420271
4060,"Goblin Card",,20,2080424,2312895,2630000
4061,"Cornutus Card",,20,243821,396213,499991
4062,"Anaconda Card",,20,2180874,2631667,
4063,"Caramel Card",,20,872453,1153700,1188778
4064,"Zerom Card",,20,5320114,6208182,5995714
4065,"Kaho Card",,20,3134558,2693844,2894495
4066,"Orc Warrior Card",,20,1158666,1255311,950000
4067,"Megalodon Card",,20,54067,75000,
4068,"Scorpion Card",,20,2640100,2625000,2725000
4069,"Drainliar Card",,20,1616635,1413574,1252857
4070,"Eggyra Card",,20,2788730,3194444,2999999
4071,"Orc Zombie Card",,20,36505,18750,
4072,"Golem Card",,20,2435872,1833333,
4073,"Pirate Skeleton Card",,20,202466,697500,1225000
4074,"Bigfoot Card",,20,850896,643095,733333
4075,"Argos Card",,20,11757,,
4076,"Magnolia Card",,20,2184914,2487500,2250000
4077,"Phen Card",,20,2446053,2276131,2451127
4078,"Savage Card",,20,46080,12000,
4079,"Mantis Card",,20,1488226,1664459,1433200
4080,"Flora Card",,20,676415,481057,409600
4081,"Hode Card",,20,359714,679000,500000
4082,"Desert Wolf Card",,20,908641,868591,766667
4083,"Rafflesia Card",,20,3347779,3070000,3300000
4084,"Marine Sphere Card",,20,694858,549647,763000
4085,"Orc Skeleton Card",,20,451851,420649,323125
4086,"Soldier Skeleton Card",,20,1456967,1137562,1055555
4087,"Giearth Card",,20,118237,50000,
4088,"Frilldora Card",,20,5706509,6078444,5666370
4089,"Swordfish Card",,20,256874,188728,176667
4090,"Munak Card",,20,10808,14000,
4091,"Kobold Card",,20,511118,605428,579999
4092,"Skeleton Worker Card",,20,3575910,4055470,3889583
4093,"Obeaune Card",,20,55879,,
4094,"Archer Skeleton Card",,20,1454621,1690829,1616667
4095,"Marse Card",,20,499840,397500,
4096,"Zenorc Card",,20,37941,23425,23323
4097,"Matyr Card",,20,2222571,1569837,1650000
4098,"Dokebi Card",,20,3721452,2294500,1958750
4099,"Pasana Card",,20,1150414,1575883,1717091
4100,"Sohee Card",,20,1030146,1516957,1950000
4101,"Sandman Card",,20,315895,121250,115000
4102,"Whisper Card",,20,619607,284634,290107
4103,"Horong Card",,20,668330,573625,449750
4104,"Requiem Card",,20,808122,744900,675000
4105,"Marc Card",,20,2850363,2497519,2599714
4106,"Mummy Card",,20,597742,1056196,1024833
4107,"Verit Card",,20,1007772,307255,259571
4108,"Myst Card",,20,97330,18250,
4109,"Jakk Card",,20,800608,565714,
4110,"Ghoul Card",,20,10723,49999,
4111,"Strouf Card",,20,6105965,8035000,7150000
4112,"Marduk Card",,20,2256799,3500000,
4113,"Marionette Card",,20,25015,26000,
4114,"Argiope Card",,20,140652,203455,
4115,"Hunter Fly Card",,20,609911,862032,750000
4116,"Isis Card",,20,108988,200000,
4117,"Sidewinder Card",,20,2200434,2260179,2278729
4118,"Earth Petite Card",,20,4011349,3809541,4660000
4119,"Bathory Card",,20,445218,583100,640556
4120,"Sky Petite Card",,20,3478610,3309928,3677000
4122,"Deviruchi Card",,20,73562,16361,19416
4124,"Medusa Card",,20,2564300,2066771,1770833
4125,"Deviace Card",,20,407466,,
4126,"Minouros Card",,20,2828576,2671991,2591044
4127,"Nightmare Card",,20,171213,43857,24999
4129,"Bapho Jr. Card",,20,6593689,4500851,4359998
4133,"Raydric Card",,20,2782968,2170294,2091202
4136,"Khalitzburg Card",,20,5798752,5553000,5400000
4138,"Anubis Card",,20,885791,772521,745428
4139,"Joker Card",,20,1416641,1699999,
4140,"Abyssal Knight Card",,20,22991400,24574246,24005635
4141,"Evil Druid Card",,20,4283621,3005909,3293333
4149,"Gargoyle Card",,20,62184,36586,29538
4150,"Goat Card",,20,45352,20850,75000
4151,"Gajomart Card",,20,4584568,3575000,
4152,"Galapago Card",,20,543550,,
4153,"Crab Card",,20,484286,,
4154,"Dumpling Child Card",,20,377848,289444,
4156,"Goblin Steamrider Card",,20,3571724,3716666,3433333
4157,"Goblin Archer Card",,20,175403,205778,270000
4158,"Sky Deleter Card",,20,317011,328009,559750
4159,"Nine Tail Card",,20,46168,24178,13356
4160,"Firelock Soldier Card",,20,5681729,3923125,
4161,"Grand Peco Card",,20,579240,333361,303333
4162,"Grizzly Card",,20,30298,,
4164,"Gullinbursti Card",,20,4737317,7025000,
4165,"Gig Card",,20,214799,433000,
4166,"Nightmare Terror Card",,20,47887,62190,81800
4167,"Nereid Card",,20,376526,360376,484944
4170,"Dark Frame Card",,20,192697,266667,250000
4172,"The Paper Card",,20,27678030,26416667,31000000
4173,"Demon Fungus Card",,20,20633,28040,12600
4175,"Poisonous Toad Card",,20,2046562,,
4176,"Dullahan Card",,20,194753,184800,182727
4177,"Dryad Card",,20,747414,1322375,1399999
4178,"Dragon Tail Card",,20,1996772,1367291,1493332
4180,"Driller Card",,20,556640,,
4181,"Disguise Card",,20,19500,18333,25250
4182,"Diabolic Card",,20,946278,570000,570000
4184,"Lava Golem Card",,20,1570354,1025000,
4185,"Rideword Card",,20,1426843,2621667,2662500
4186,"Raggler Card",,20,2197922,1984889,2213333
4187,"Raydric Archer Card",,20,216409,173800,
4188,"Leib Olmai Card",,20,488484,349000,
4189,"Wraith Dead Card",,20,989286,,
4190,"Wraith Card",,20,476272,293944,293944
4191,"Loli Ruri Card",,20,747702,775308,
4192,"Rotar Zairo Card",,20,2160704,,
4193,"Lude Card",,20,1133705,1361250,
4194,"Rybio Card",,20,547320,1000000,1000000
4195,"Leaf Cat Card",,20,115721,125967,
4196,"Marin Card",,20,373125,400000,
4197,"Mastering Card",,20,5666666,,
4199,"Merman Card",,20,732587,1047823,1027800
4200,"Megalith Card",,20,245867,86667,
4201,"Majouros Card",,20,224154,,
4202,"Mao Guai Card",,20,5626656,,
4204,"Mini Demon Card",,20,4165783,4150000,
4205,"Mimic Card",,20,7948856,5901169,5924999
4206,"Myst Case Card",,20,595968,393403,382496
4208,"Miyabi Doll Card",,20,426310,94158,100000
4209,"Violy Card",,20,119107,80000,
4210,"Wanderer Card",,20,90357,50625,46667
4211,"Vocal Card",,20,1000000,,
4212,"Bongun Card",,20,148036,420333,200000
4213,"Brilight Card",,20,51259,,
4214,"Bloody Murderer Card",,20,287508,285000,285000
4215,"Blazer Card",,20,74246,52850,58317
4216,"Sasquatch Card",,20,124939,37833,
4217,"Enchanted Peach Tree Card",,20,43411,25562,27165
4218,"Succubus Card",,20,1129301,695971,671600
4219,"Sage Worm Card",,20,3852254,6050000,
4220,"Solider Card",,20,222767,,
4221,"Skeleton General Card",,20,1527914,921429,870000
4222,"Skeleton Prisoner Card",,20,519702,350000,
4223,"Stalactic Golem Card",,20,21771,15187,5498
4224,"Stem Worm Card",,20,395222,237250,200000
4225,"Stone Shooter Card",,20,262052,348750,350000
4226,"Sting Card",,20,10383,18999,
4227,"Spring Rabbit Card",,20,601815,1175000,
4228,"Sleeper Card",,20,9393,1775,2000
4229,"Tower Keeper Card",,20,5192592,4500000,
4230,"Shinobi Card",,20,1838039,987499,950000
4231,"Mi Gao Card",,20,8331,4750,
4232,"Hermit Plant Card",,20,2906428,2000000,2000000
4233,"Baby Leopard Card",,20,7097523,9154815,8929629
4234,"Anolian Card",,20,137867,71015,101400
4235,"Christmas Cookie Card",,20,626866,1224286,1508333
4237,"Owl Duke Card",,20,2559773,,
4238,"Owl Baron Card",,20,15908148,15000000,
4239,"Iron Fist Card",,20,3813884,5110000,
4240,"Arclouse Card",,20,126638,57500,50000
4242,"Apocalipse Card",,20,240832,,
4243,"Antonio Card",,20,3267763,,
4244,"Alarm Card",,20,331090,395000,
4245,"Am Mut Card",,20,16697845,11860000,10220000
4246,"Assaulter Card",,20,3456767,4500000,
4247,"Aster Card",,20,362500,250000,250000
4248,"Ancient Mummy Card",,20,399899,,
4249,"Ancient Worm Card",,20,11479286,16790000,17975000
4251,"Elder Card",,20,9819612,8000000,
4252,"Alligator Card",,20,3029299,3214010,2765049
4253,"Alice Card",,20,26077624,27750000,29999999
4255,"Orc Lady Card",,20,1579591,1771000,1854286
4256,"Orc Archer Card",,20,89688,147600,
4257,"Wild Rose Card",,20,521440,515666,
4258,"Evil Nymph Card",,20,1342590,749999,749999
4259,"Wooden Golem Card",,20,3870352,4249999,
4260,"Wootan Shooter Card",,20,5000,,
4261,"Wootan Fighter Card",,20,20926,,
4262,"Cloud Hermit Card",,20,4084008,1762692,1525000
4264,"Wind Ghost Card",,20,500140,,
4265,"Jing Guai Card",,20,2573694,3500000,3500000
4267,"Explosion Card",,20,167411,234849,150000
4268,"Injustice Card",,20,1038431,1500000,
4269,"Incubus Card",,20,2190139,1586288,1467356
4270,"Giant Spider Card",,20,35604,,
4271,"Giant Hornet Card",,20,271547,143500,
4272,"Zhu Po Long Card",,20,1233865,900000,
4273,"Shell Fish Card",,20,106662,,
4274,"Zombie Master Card",,20,877304,950000,900000
4275,"Zombie Prisoner Card",,20,1101393,1920000,2500000
4277,"Zealotus Card",,20,43142786,,
4278,"Gibbet Card",,20,26394,9999,
4279,"Earth Deleter Card",,20,10186009,13602273,13559999
4280,"Geographer Card",,20,16538,8973,7125
4281,"Zipper Bear Card",,20,989059,781153,694158
4282,"Tengu Card",,20,630565,649999,649999
4283,"Greatest General Card",,20,226542,286250,195000
4284,"Chepet Card",,20,4584444,10000000,
4285,"Choco Card",,20,1933721,4000000,
4286,"Karakasa Card",,20,64197,,
4287,"Kappa Card",,20,155258,,
4288,"Carat Card",,20,514278,517667,490000
4289,"Caterpillar Card",,20,809089,672000,244000
4290,"Cat O' Nine Tails Card",,20,7036364,,
4292,"Kobold Archer Card",,20,135170,150000,
4293,"Cookie Card",,20,333840,367772,529800
4294,"Quve Card",,20,57755,43333,60000
4295,"Kraben Card",,20,22233,12500,
4296,"Cramp Card",,20,2792842,3139000,2500000
4297,"Cruiser Card",,20,1861105,1405182,1449997
4298,"Creamy Fear Card",,20,78161,,
4299,"Clock Card",,20,103678,83750,
4300,"Chimera Card",,20,362500,,
4301,"Killer Mantis Card",,20,79879,40000,
4303,"Giant Whisper Card",,20,149875000,,
4304,"Tamruan Card",,20,322828,206758,157500
4307,"Beetle King Card",,20,1235417,3033333,
4308,"Tri Joint Card",,20,125846,174737,
4309,"Parasite Card",,20,949911,875000,
4310,"Panzer Goblin Card",,20,14923077,,
4311,"Permeter Card",,20,728540,666666,
4312,"Fur Seal Card",,20,284001,217785,145266
4313,"Punk Card",,20,25687,35147,34500
4314,"Penomena Card",,20,5911716,4745514,4178029
4315,"Pest Card",,20,507766,578182,615000
4316,"False Angel Card",,20,20780,,
4317,"Mobster Card",,20,150000000,,
4319,"Freezer Card",,20,644584,450000,
4320,"Bloody Knight Card",,20,75000000,,
4321,"Hylozoist Card",,20,396121,458333,629999
4322,"High Orc Card",,20,13866,18463,59900
4323,"Baby Hati Card",,20,1883222,,
4325,"Harpy Card",,20,6026310,4249900,4249900
4326,"Sea Otter Card",,20,87615,51091,38500
4327,"Bloody Butterfly Card",,20,497405,281185,324000
4328,"Yao Jun Card",,20,609186,450000,
4329,"Phendark Card",,20,2377042,4250000,
4331,"Heater Card",,20,3192857,,
4332,"Old Stove Card",,20,1198292,,
4333,"Venomous Card",,20,164762,,
4334,"Noxious Card",,20,11327216,8966667,8750000
4335,"Pitman Card",,20,67263,50000,50000
4336,"Ungoliant Card",,20,25000000,,
4337,"Porcellio Card",,20,2624143,2416430,2551702
4338,"Obsidian Card",,20,150004,,
4339,"Mineral Card",,20,169775,166666,99999
4340,"Teddy Bear Card",,20,7710576,11300000,11300000
4341,"Metaling Card",,20,121200,9315,
4343,"Holden Card",,20,763523,1000000,
4344,"Anopheles Card",,20,791279,1508333,1433333
4345,"Hill Wind Card",,20,2899074,4444444,4444444
4346,"Egnigem Cenia Card",,20,348106,888571,890000
4347,"Armeyer Dinze Card",,20,379474,766000,500000
4348,"Wickebine Tres Card",,20,82097,75000,
4349,"Errende Ebecee Card",,20,584909,683333,950000
4350,"Laurell Weinder Card",,20,506228,1087500,1062500
4351,"Kavach Icarus Card",,20,1538965,2868596,2876723
4353,"Remover Card",,20,486908,516000,400000
4358,"Seyren Windsor Card",,20,434122,200000,
4360,"Eremes Guile Card",,20,271511,333000,449500
4362,"Howard Alt-Eisen Card",,20,2571548,2222500,
4364,"Margaretha Sorin Card",,20,188055,249500,249500
4366,"Kathryne Keyron Card",,20,258503,120380,
4368,"Cecil Damon Card",,20,18811564,18250000,18000000
4369,"Venatu Card",,20,66102,94214,120000
4370,"Dimik Card",,20,164333,,
4371,"Archdam Card",,20,21600000,20000000,
4373,"Chun Yi Card",,20,132000000,,
4375,"Orc Baby Card",,20,826185,,
4377,"Grove Card",,20,869696,1731786,1250000
4378,"Golden Acidus Card",,20,795976,342250,347500
4379,"Blue Acidus Card",,20,810474,589722,600000
4380,"Red Ferus Card",,20,309002,580000,
4381,"Green Ferus Card",,20,8715086,7940000,8650000
4382,"Yellow Novus Card",,20,601714,500000,500000
4383,"Red Novus Card",,20,547879,400000,
4385,"Dragon Egg Card",,20,6711111,12000000,12000000
4387,"Ancient Mimic Card",,20,188709,164000,180000
4388,"Death Word Card",,20,255710,40000,50000
4389,"Plasma Card",,20,1727901,904333,800000
4390,"Breeze Card",,20,1550000,,
4391,"Baroness of Retribution Card",,20,5000000,,
4392,"Dame of Sentinel Card",,20,140000000,,
4393,"Mistress of Shelter Card",,20,17083333,10000000,
4394,"Lady Solace Card",,20,23333333,,
4400,"Aliza Card",,20,129720,136250,
4401,"Alicel Card",,20,1286405,848333,800000
4402,"Aliot Card",,20,23640441,29237500,27475000
4404,"Skogul Card",,20,500000,500000,
4405,"Frus Card",,20,500000,500000,
5001,Headset,,20,271563,275000,300000
5002,"Jewel Crown",,20,142875,58227,71667
5003,"Joker Jester",,20,235681,191833,158750
5004,"Oxygen Mask",,20,289286,,
5005,"Gas Mask",,20,26329,38284,46800
5006,"Machoman's Glasses",,36000,613741,397431,444220
5007,"Grand Circlet",,20,91629,85008,89000
5009,"Safety Helmet",,20,7758,12800,9999
5010,"Indian Fillet",,20,63114,30000,10000
5011,Aerial,,20,33358,50000,
5012,"Ph.D Hat",,20,117775,,
5014,"Fin Helm",,20,1615428,1499146,1524938
5015,"Egg Shell",,20,6677,3400,5000
5016,"Boy's Cap",,20,12252647,,
5017,"Bone Helm",,20,396317,464889,483333
5018,"Feathered Hat",,20,291269,240000,240000
5019,Corsair,,20,2783836,2129810,
5020,"Kafra Band",,20,5919000,5890000,
5021,"Grief for Greed",,20,550000,,
5022,"Hat of the Sun God",,20,150000000,,
5023,"Parcel Hat",,20,264800,,
5024,"Cake Hat",,20,114965,65000,65000
5025,"Helm of Angel",,20,4820750,4399000,
5026,"Chef Hat",,20,1183205,1162000,1099000
5027,"Mage Hat",,20,2613244,1638889,1638889
5028,Candle,,20,1690000,,
5029,"Spore Hat",,20,1242900,999999,
5030,"Panda Hat",,20,672926,561840,671200
5031,"Mine Hat",,20,2263333,,
5032,"Sunday Hat",,20,9667800,9900000,9900000
5033,"Raccoon Hat",,20,1576208,1650000,1650000
5034,"Bulb Band",,20,350000,,
5035,"Poring Hat",,20,322649,332000,319999
5037,"Nut Shell",,20,3004,20999,
5038,"Deviruchi Hat",,20,8018939,9900000,9900000
5039,"Rainbow Eggshell",,20,96142,,
5040,Blush,,20,254549,318800,250000
5041,"Heart Hairpin",,20,852083,703703,
5042,"Bao Bao",,20,83614,44658,42000
5043,"Opera Phantom Mask",,20,332543,,
5045,"Magician Hat",,20,614713,334000,528333
5046,"Bongun Hat",,20,68569,103624,
5047,"Fashionable Glasses",,20,1082000,,
5048,"Crescent Hairpin",,20,987499,999999,
5049,"Striped Hairband",,20,1094944,,
5050,"Wonder Nutshell",,20,367889,300000,
5052,"Blue Hairband",,20,279916,301666,303333
5053,"Sphinx Hat",,20,494815,194346,318208
5057,"Black Cat Ears",,16000,911601,848000,
5058,"Drooping Cat",,250000,2017585,1895833,2444000
5059,"Teddybear Hat",,20,1636452,3000000,
5060,"Party Hat",,20,237500,,
5062,"Straw Hat",,20,1007500,,
5063,"Giant Band Aid",,20,216667,250000,
5064,"Smokie Leaf",,20,210802,99900,
5065,"Blue Fish",,20,916902,573749,599999
5066,"Succubus Horn",,20,286989,359946,422111
5067,Sombrero,,20,1368000,1565000,1580000
5068,"Evil Wing Ears",,20,9642939,10600000,10500000
5069,"Kitsune Mask",,20,509591,552000,495000
5070,"Hot-blooded Headband",,20,758232,550000,500000
5072,"Incubus Horn",,20,226215,199512,212727
5074,"Angel Wing Ears",,20,10573340,10000000,9500000
5075,"Cowboy Hat",,20,1108314,915111,777777
5076,Beanie,,20,2381682,3150000,
5077,"Tulip Hairpin",,20,69778,,
5078,"Sea Otter Hat",,20,1955972,,
5079,"X Hairpin",,20,129167,,
5080,"Crown of Ancient Queen",,20,710494,,
5081,"Crown of Mistress",,20,3141337,1860768,1724999
5082,"Decorative Mushroom",,20,35233,,
5083,"Red Ribbon",,20,767011,600000,
5084,"Lazy Smokie",,20,962857,,
5085,"Small Ribbons",,20,806559,435667,433333
5086,"Alarm Mask",,20,2368950,1555556,1111111
5087,"Poker Face",,20,19833,11000,9000
5088,"Surprised Mask",,20,20658,10091,7614
5089,"Annoyed Mask",,20,16529,11167,16074
5090,"Goblin Leader Mask",,20,191111,500000,
5091,"Decorative Golden Bell",,20,928518,800000,
5092,Coif,,150000,,,
5093,Coif,1,150000,1735210,1169230,1174999
5094,"Helmet of Orc Hero",,500000,,,
5096,"Assassin Mask",,20,109033,67341,48888
5104,"Dark Blinder",,20,972474,416809,359619
5107,"Crunch Toast",,20,550464,944500,
5108,"Renown Detective's Cap",1,20,1818999,1275000,1200000
5109,"Red Bonnet",,20,9945000,,
5110,"Baby Pacifier",,20,81329,42639,55555
5111,"Galapago Cap",,20,2736545,2549167,3500000
5112,"Super Novice Hat",,8500,36111,,
5113,"Angry Snarl",,20,29884,12900,4367
5115,"Winter Hat",,20,1187926,1055056,
5116,"Banana Hat",,20,63891,57250,39500
5117,"Mystic Rose",,20,593055,,
5118,"Puppy Headband",,20,6457,4100,2576
5119,"Super Novice Hat",1,8500,34913,17021,
5120,"Bucket Hat",1,6000,140597,65400,57047
5121,"Zealotus Mask",,20,5154364,,
5122,"Magni's Cap",,30000,102839,168832,164746
5124,"Fricca's Circlet",,30000,418765,302397,303800
5125,"Angel's Kiss",1,10000,169081,371814,258728
5126,"Morpheus's Hood",,30000,742428,339450,364694
5127,"Morrigane's Helm",,30000,144288,116230,111565
5128,"Goibne's Helm",,30000,824430,715475,663651
5134,Pumpkin-Head,,20,,,
5136,"Antonio's Santa Hat",,20,1086709,828571,912500
5141,"Marionette Doll",1,20,643411,711950,828077
5158,"Monk Hat",1,30000,3125526,,
5159,"Golden Gear",1,20,4376181,4590000,
5160,"Majestic Goat",1,20,24750000,,
5161,"Spiky Band",1,20,49000000,,
5162,"Bone Helm",1,20,7277143,,
5163,Corsair,1,20,46937500,,
5164,Tiara,1,20,51233333,48500000,
5165,Crown,1,20,59250000,,
5166,"Sphinx Hat",1,20,13449500,13000000,
5167,"Munak Hat",1,20,1468611,863889,
5168,"Bongun Hat",1,20,150000,150000,
5169,"Bride Mask",1,30000,1932222,,
5173,"Magistrate Hat",1,30000,454521,,
5174,Ayam,1,30000,1030322,863333,850000
5175,"Censor Bar",,30000,1035833,350000,
5176,"Hahoe Mask",,30000,1660000,,
5177,"Mythical Lion Mask",1,30000,2358427,1950000,
5191,"Black Ribbon",1,800,378750,,
5192,"Yellow Ribbon",1,800,325000,175000,
5193,"Green Ribbon",1,800,362500,175000,
5194,"Pink Ribbon",1,800,300000,,
5195,"Red Ribbon",1,800,325000,,
5196,"Orange Ribbon",1,800,277778,,
5197,"White Ribbon",1,800,317619,,
5202,"Fantastic Pumpkin-Head",,20,49875000,,
5227,"Red Deviruchi Hat",,20,8000000,,
5228,"Gray Deviruchi Hat",,20,4500000,,
5229,"Brown Deviruchi Hat",,20,4500000,,
5232,"Pink Drooping Cat",,250000,,,
5233,"Blue Drooping Cat",,250000,1822222,,
5235,"Brown Beanie",,20,,,
5236,"Blue Beanie",,20,2500000,,
5237,"Pink Beanie",,20,2290000,,
5238,"Red Mage Hat",,20,5000000,,
5239,"Gray Mage Hat",,20,2000000,,
5241,"Blue Mage Hat",,20,2416667,,
5242,"Yellow Mage Hat",,20,2000000,,
5348,"Big Ribbon",1,15000,1732222,1500000,1500000
5350,"Pirate Bandana",1,20,5033910,4800000,4900000
5351,Sunflower,1,20,687500,300000,
5436,"Bride's Corolla",,20,272645,242667,350000
5438,"Cute Green Ribbon",,500,400000,500000,500000
5440,"Cute Blue Ribbon",,500,633333,,
5441,"Cute White Ribbon",,500,455800,,
5445,"Candy Cane In Mouth",,20,13280909,,
5446,"Catfoot Hairpin",1,20,1718530,1663054,1490978
5447,"Frog Hat",,20,11500000,,
5488,"Twin Santa Hat",,20,19537500,2500000,
5671,"Incarnation Of Evil Doll",,20,1902067,2000000,2000000
5788,"3D Glasses",,0,22669231,,
5811,"Santa's Beard",,20,11991,5000,5000
6094,"Traditional Sweets",,20,10,,
6096,"Fish With Blue Back",,20,43,,
6098,"Small Snow Flower",,1000,514,,
6113,"Vital Flower",,1000,1000000,,
7001,"Mould Powder",,466,885,895,900
7002,"Ogre Tooth",,658,400,,
7003,"Anolian Skin",,968,763,820,660
7004,"Mud Lump",,876,483,,
7006,"Wing of Red Bat",,168,1840,691,2417
7012,"Tough Scalelike Stem",,412,1947,3333,
7013,"Coral Reef",,772,826,668,618
7014,"Old Portrait",,1500,10781,,
7015,"Bookclip in Memory",,3000,2277,,
7017,"Executioner's Mitten",,4500,1459222,1716481,
7019,"Loki's Whispers",,20,128929,,
7021,"Foolishness of the Blind",,20,102875,,
7022,"Old Hilt",,150,2500000,,
7023,"Blade Lost in Darkness",,12000,64154,100000,100000
7024,"Bloody Edge",,10000,3207353,3250000,
7026,"Key of Clock Tower",,100,2995,2360,
7027,"Key of Underground",,100,7503,1254,1826
7030,"Claw of Desert Wolf",,208,1757,1868,2695
7031,"Old Frying Pan",,196,2153,899,890
7032,"Piece of Egg Shell",,168,5813,,
7033,"Poison Spore",,114,215,324,396
7034,"Red Stocking",,100,62,,
7035,Matchstick,,100,25376,9999,
7036,"Fang of Hati",,100,44861,4865,7999
7038,Yarn,,100,3555,4500,4500
7041,"Fine Grit",,120,4426,,
7043,"Fine Sand",,100,933,979,
7047,"Alice's Apron",,2424,2068,1787,
7048,"Talon of Griffon",,5418,186718,227004,491666
7049,Stone,,0,1208,414,
7053,Cyfar,,772,502,406,391
7054,Brigan,,746,433,558,495
7063,"Soft Feather",,280,12599,9933,6863
7064,"Wing of Dragonfly",,520,1045,,
7065,"Sea Otter Fur",,820,872,770,770
7066,"Ice Cubic",,660,1800,1800,1800
7068,"Burnt Tree",,722,3640,2200,
7086,"Emblem of the Sun God",,1,70000000,,
7097,"Burning Heart",,924,774,849,
7098,"Live Coal",,638,932,995,
7099,"Worn-out Magic Scroll",,773,17576,4314,3800
7100,"Sharp Leaf",,806,846,1818,1991
7101,"Pecopeco Feather",,454,346,,
7104,"False Angel Wing",,756,1200,,
7108,"Piece of Shield",,1680,3817,,
7111,"Slick Paper",,706,2589,1568,1855
7115,"Harpy Feather",,1142,5448,4998,4998
7117,"Torn Magic Book",,1142,350,,
7120,"Burning Horseshoe",,823,569,1112,750
7123,"Dragon Skin",,1025,704,1714,
7126,"Large Jellopy",,840,483,,
7130,"Plant Bottle Creation Guide",,100000,50000,,
7131,"Marine Sphere Creation Guide",,100000,17333,,
7133,"Condensed Potion Creation Guid",,240000,50000,,
7135,"Bottle Grenade",,200,11817,10891,10199
7136,"Acid Bottle",,200,3795,4546,4288
7137,"Plant Bottle",,200,1772,5000,5000
7138,"Marine Sphere Bottle",,200,3181,,
7139,"Glistening Coat",,200,16711,18318,19915
7142,Embryo,,10,88926,90423,90364
7144,"Potion Creation Guide",,100000,50000,,
7150,"Piece of Bamboo",,310,600,,
7151,"Oil Paper",,210,3471,3724,3453
7156,"Broken Shuriken",,470,2500,,
7161,"Black Bear Skin",,384,749,899,898
7163,"Hard Feeler",,570,780,,
7164,"Solid Peach",,400,777,,
7165,"Transparent Celestial Robe",,650,3098,,
7166,"Soft Silk",,1200,2226,777,
7167,"Strange Steel Piece",,430,1210,,
7170,Tuxedo,,43000,216501,99990,99990
7174,"Wrapping Lace",,0,621,,
7175,"Wrapping Paper",,0,624,,
7182,Cacao,,200,1361,954,950
7190,"Solid Husk",,140,4362,3999,
7194,"Soft Blade of Grass",,400,2500,,
7197,"Tough Vines",,500,1702,,
7198,"Huge Leaf",,610,599,599,500
7200,"Elastic Band",,380,1533,1500,
7201,Log,,250,1362,1007,997
7206,"Black Cat Doll",,1440,3804,3387,2974
7210,"Armor Piece of Dullahan",,790,2183,4499,4499
7213,"Needle Packet",,832,1373,1892,1849
7216,"Red Muffler",,660,858,500,
7217,Spool,,424,1603,3463,3476
7220,Ectoplasm,,322,462,990,990
7222,"Wooden Gnarl",,468,450,,
7263,"Cat's Eye",,954,2223,2623,2458
7264,"Dry Sand",,322,185,,
7267,"Tiger Panty",,298,1039,,
7268,"Little Ghost Doll",,1210,2750,,
7270,"Nursing Bottle",,1100,26000,,
7277,"Munak Doll",,8900,4233,,
7286,"Red Chile",,20,1860,1200,1200
7289,Peridot,,3000,54822,55256,
7290,Phlogopite,,3000,42589,10000,
7291,Agate,,3000,80089,45000,
7292,Muscovite,,3000,50212,11341,
7293,"Rose Quartz",,3000,154984,94696,
7294,Turquoise,,3000,504487,590599,499999
7295,Citrin,,3000,128309,146923,
7296,Pyroxene,,3000,43476,27757,32100
7297,Biotite,,3000,128673,164172,73950
7298,"Fig Leaf",,538,897,850,850
7301,Tassel,,798,831,1776,1776
7312,Jubilee,,32,707,,
7315,"Dark Crystal Fragment",,422,782,,
7317,"Rusty Screw",,534,1612,1188,1037
7318,"Old Pick",,512,762,,
7319,"Used Iron Plate",,1024,1499,2170,1990
7321,"Crystal Fragment",,552,1069,2045,
7325,"Flexible Tube",,102,956,1230,
7337,"Eye of Hellion",,0,377500,,
7340,"Will of the Darkness",,734,35152,7957,
7345,Handcuffs,,724,3383,2703,
7347,"Research Chart",,840,3686,,
7350,Pass,,20,1341310,1000000,1000000
7352,"Transparent Plate",,20,9999,,
7353,"Transparent Plate",,20,9999,,
7354,"Transparent Plate",,20,9999,,
7355,"Transparent Plate",,20,9999,,
7435,"Golden Ornament",,1907,200857,,
7436,"Fragment of Agony",,1506,164195,199999,
7437,"Fragment of Misery",,1506,150659,98999,
7438,"Fragment of Hatred",,1506,173590,199999,
7439,"Fragment of Despair",,1506,80328,49999,
7440,"Red Feather",,1335,971571,,
7441,"Blue Feather",,1408,945413,,
7443,"Three-Headed Dragon's Head",,956,20700,,
7444,"Treasure Box",,300000,220000,,
7445,"Green Bijou",,887,692,736,
7446,"Blue Bijou",,887,972,739,
7447,"Red Bijou",,887,707,733,
7448,"Yellow Bijou",,887,890,721,
7457,"Cooking Oil",,500,999,,
7477,"Level 6 Cookbook",,1000,196400,31444,13500
7478,"Level 7 Cookbook",,1000,799860,175000,128333
7479,"Level 8 Cookbook",,1000,1168333,1092500,
7480,"Level 9 Cookbook",,1000,1678148,1144444,900000
7507,"Solid Iron Piece",,842,1844,2970,2690
7511,"Rune of Darkness",,2526,4975,2880,3600
7521,"Flame Stone",,150,80,,
7522,"Ice Stone",,150,85,,
7523,"Wind Stone",,150,155,,
9001,"Poring Egg",,20,21445,9400,
9002,"Drops Egg",,20,14095,93294,53750
9003,"Poporing Egg",,20,61610,60000,60000
9004,"Lunatic Egg",,20,105079,129000,292500
9005,"Picky Egg",,20,157864,332114,256999
9006,"Chonchon Egg",,20,64109,204167,475000
9007,"Steel Chonchon Egg",,20,92636,1375000,3999999
9008,"Hunter Fly Egg",,20,186428,2200000,2200000
9009,"Savage Babe Egg",,20,113211,92833,80000
9010,"Baby Desert Wolf Egg",,20,167509,288214,219625
9011,"Rocker Egg",,20,8778,2600,9000
9012,"Spore Egg",,20,15799,8200,9000
9013,"Poison Spore Egg",,20,77141,4000,4000
9014,"Pecopeco Egg",,20,47660,,
9015,"Smokie Egg",,20,127961,199900,
9016,"Yoyo Egg",,20,114089,1500000,1500000
9017,"Orc Warrior Egg",,20,210914,243401,210740
9018,"Munak Egg",,20,152391,143125,
9019,"Dokebi Egg",,20,91279,42333,
9020,"Sohee Egg",,20,425727,537368,500000
9021,"Isis Egg",,20,103435,290000,
9022,"Earth Petite Egg",,20,142901,272361,408909
9023,"Deviruchi Egg",,20,256225,294000,
9024,"Bapho Jr. Egg",,20,94135,500000,500000
9025,"Bongun Egg",,20,41117,9999,
9026,"Zealotus Egg",,20,3845833,,
9027,"Alice Egg",,20,336280,355200,350000
9029,"Christmas Goblin's Egg",,20,950000,,
9030,"Green Maiden Egg",,20,1169000,1599999,1599999
9032,"Knife Goblin Egg",,20,112500,,
9033,"Flail Goblin Egg",,20,199999,,
9035,"Earth Deleter Egg",,20,1730000,,
9036,"Diabolic Egg",,20,999999,,
9037,"Wanderer Egg",,20,1352000,,
9039,"White Lady Egg",,20,7064338,8249999,7499999
9040,"Mao Guai Egg",,20,673550,,
9041,"Leaf Cat Egg",,20,449466,500000,
9042,"Loli Ruri Egg",,20,2241600,2085000,
9043,"Marionette Egg",,20,493320,,
9044,"Shinobi Egg",,20,2180294,1900000,
9045,"Whisper Egg",,20,1579687,,
9046,"Goblin Leader Egg",,20,2101667,2590000,
9047,"Evil Nymph Egg",,20,2090317,1799999,1799999
9048,"Miyabi Doll Egg",,20,1794231,1580000,1579999
9049,"Dullahan Egg",,20,963333,,
9050,"Medusa Egg",,20,2128333,,
9051,"Stone Shooter Egg",,20,49999,,
9052,"Incubus Egg",,20,1712183,1899999,
9053,"Golem Egg",,20,323889,,
9054,"Nightmare Terror Egg",,20,2040000,,
9055,"Succubus Egg",,20,1401213,1779381,1522499
10001,"Skull Helm",,20,122229,90000,129999
10002,"Monster Oxygen Mask",,20,202848,190000,180000
10003,"Transparent Head Protector",,20,24180,400,550
10004,Pacifier,,20,1648,375,
10005,Wig,,20,16214,7500,
10006,"Queen's Hair Ornament",,20,52870,29000,30000
10007,"Silk Ribbon",,20,18113,23595,35000
10008,Punisher,,20,44143,12500,
10009,"Wild Flower",,20,29069,22900,21500
10010,"Battered Pot",,20,9190,,
10011,"Stellar Hairpin",,20,200156,149000,150000
10012,"Tiny Egg Shell",,20,56369,48333,50000
10013,Backpack,,1500,16027,,
10014,"Rocker Glasses",,2000,8000,,
10015,"Green Lace",,20,2701,667,1000
10016,"Golden Bell",,20,172730,88111,79999
10017,"Bark Shorts",,20,14926,5000,5000
10018,"Monkey Circlet",,20,28626,9900,
10019,"Red Scarf",,20,17887,533,
10020,"Grave Keeper's Sword",,20,9946,1000,
11002,"Chef King Orleans Vol.1",,8000,74880,,
12000,"Level 5 Frost Diver",,2000,900,,
12001,"Level 3 Heal",,2000,1091,,
12002,"Level 5 Heal",,2000,1316,1190,1350
12004,Quiver,,2,500,,
12005,"Iron Arrow Quiver",,2,1001,971,950
12006,"Steel Arrow Quiver",,2,4320,4917,
12007,"Oridecon Arrow Quiver",,2,8958,8557,
12008,"Fire Arrow Quiver",,2,2998,2992,2928
12009,"Silver Arrow Quiver",,2,2816,3000,3000
12010,"Wind Arrow Quiver",,2,10547,9316,9930
12011,"Stone Arrow Quiver",,2,7707,6853,6968
12012,"Crystal Arrow Quiver",,2,5729,6251,6185
12013,"Shadow Arrow Quiver",,2,11162,11772,10767
12014,"Immaterial Arrow Quiver",,2,11245,10326,11000
12015,"Rusty Arrow Quiver",,2,1506,1499,
12016,"Speed Potion",,2,25766,26069,25306
12018,Firecracker,,2,350,350,
12019,"Holy Egg",,2,2999,,
12020,"Cursed Water",,2,866,925,920
12027,"Giggling Box",,1000,1386,,
12028,"Box of Thunder",,1000,2170,2558,2499
12029,"Box of Gloom",,1000,2223,2747,2787
12030,"Box of Resentment",,1000,2446,2207,2263
12031,"Box of Drowsiness",,1000,2578,1494,
12032,"Box of Storms",,1000,1802,2759,3999
12033,"Box of Sunlight",,1000,83585,58629,52973
12034,"Box of Panting",,1000,901,2500,
12040,"Stone of Sage",,100000,100168,76677,72812
12041,"Fried Grasshopper Legs",,2000,8457,8547,9146
12042,"Seasoned Sticky Webfoot",,4000,6000,6000,
12043,"Bomber Steak",,6000,14469,14469,12000
12044,"Herb Marinade Beef",,8000,16086,14864,13316
12045,"Lutie Lady's Pancake",,10000,16552,14695,13453
12046,"Grape Juice Herbal Tea",,2000,5168,4533,4500
12048,"Honey Herbal Tea",,6000,19475,13594,12606
12051,"Steamed Crab Nippers",,2000,8860,4500,4500
12053,"Clam Soup",,6000,10890,10296,8949
12054,"Seasoned Jellyfish",,8000,8000,8000,
12055,"Spicy Fried Bao",,10000,60691,51316,46496
12056,"Frog Egg and Squid Ink Soup",,2000,5737,2967,2922
12057,"Smooth Noodle",,4000,4179,3882,4000
12058,"Tentacle and Cheese Gratin",,6000,14270,12850,13765
12060,"Steamed Bat Wing in Pumpkin",,10000,88245,86531,59500
12061,"Honey Grape Juice",,2000,6520,6149,5749
12062,"Chocolate Mousse Cake",,4000,15000,15000,
12063,"Fruit Mix",,6000,6925,5760,5853
12065,"Green Salad",,10000,59342,59705,60450
12066,"Fried Monkey Tails",,2000,7233,2580,2500
12071,"Shiny Marinade Beef",,20000,45384,45384,44537
12072,"Whole Roast",,40000,93436,89757,69999
12073,"Bearfoot Special",,60000,92669,89317,80355
12074,"Tendon Satay",,80000,900000,900000,
12075,"Steamed Tongue",,100000,895000,895000,895000
12076,"Red Mushroom Wine",,20000,103091,58803,58270
12077,"Special Royal Jelly Herbal Tea",,40000,119063,73655,89286
12078,"Royal Family Tea",,60000,250000,250000,
12079,"Tristan XII",,80000,334999,334999,199999
12081,"Awfully Bitter Bracer",,20000,86675,80280,78433
12082,"Sumptuous Feast",,40000,160913,119314,102083
12085,"Immortal Stew",,100000,711304,480000,405000
12086,"Chile Shrimp Gratin",,20000,93273,78638,68900
12087,"Steamed Alligator with Vegetab",,40000,99532,80294,69185
12088,"Incredibly Spicy Curry",,60000,132381,116888,108918
12089,"Special Meat Stew",,80000,142814,106592,92856
12090,"Steamed Desert Scorpions",,100000,109317,109317,93414
12093,"Special Toast",,60000,225998,199360,185810
12095,"Hvergelmir's Tonic",,100000,769999,769999,1029411
12098,"Strawberry Flavored Rice Ball",,60000,153836,137209,101874
12105,"Taming Gift Set",,10000,136818,,
12108,"Scroll Package",,10000,10,,
12112,"Tropical Sograt",,1000,2419,,
12114,"Elemental Converter",,2,8343,7376,6236
12115,"Elemental Converter",,2,9252,9010,9059
12116,"Elemental Converter",,2,8480,8431,6941
12117,"Elemental Converter",,2,9164,8575,8398
12118,"Fireproof Potion",,2,1324,1600,1384
12119,"Coldproof Potion",,2,962,833,1000
12120,"Earthproof Potion",,2,736,838,590
12121,"Thunderproof Potion",,2,1294,836,1000
12127,"Professional Cooking Kit",,2000,12636,9577,9738
12128,"Royal Cooking Kit",,5000,40484,36981,35854
12130,"Cookie Bag",,2,9971,,
12132,"Santa's Bag",,0,14838,12999,12999
12148,"Flare Sphere Pack",,2,4526,,
12317,"Snow Powder",,0,446,350,
12354,"Buche De Noel",,2,5000,,
12355,"Xmas Gift",,2,7000,,
12373,"Boy's Pure Heart",,20,150266,212500,200000
12395,"Tantan Noodle",,20,198833,,
12414,"Guarana Candy",,20,28623,94615,
12491,"Curious Snowball",,20,17150,,
12702,"Old Navy Box",,0,125000,,
13000,"Jujube Dagger",,10000,12222,,
13001,"Dragon Killer",,20,5361464,4949365,4795000
13002,Ginnungagap,,20,112516,70000,
13004,"Cowardice Blade",2,52000,31867,,
13006,Gokurin,,240000,115350,,
13008,Jitte,1,20000,7600,,
13009,Kamaitachi,,48000,69395,,
13010,Asura,2,3000,22222,,
13011,Asura,3,3000,77168,100000,
13012,Murasame,1,20,95908,,
13013,Murasame,2,20,37751,,
13014,Hakujin,,20,7020,,
13015,Hakujin,1,20,27811,35000,
13030,"Dragon Killer",2,20,,,
13033,"Assassin Dagger",1,20,,,
13034,"Desert Twilight",2,20,130214,154143,
13100,"Six Shooter",1,4500,20000,,
13101,"Six Shooter",2,4500,40988,,
13102,"Crimson Bolt",1,20000,1000,,
13103,"Crimson Bolt",2,20000,25272,13000,12000
13104,Garrison,1,48000,202024,400000,
13105,Garrison,2,48000,563257,,
13106,"Gold Lux",,100000,79328,30000,
13150,Branch,3,3000,6163,,
13151,Cyclone,1,17500,,,
13152,Cyclone,2,17500,41496,10000,
13153,Dusk,1,23500,10000,,
13155,"Black Rose",1,32000,,,
13156,"Gate Keeper",,56000,529353,900000,
13157,Drifter,1,80000,127838,49258,7777
13159,Butcher,1,130000,696000,,
13161,Destroyer,1,110000,90000,,
13162,Inferno,1,230000,,,
13163,"Long Barrel",,40000,15000,,
13164,"Long Barrel",1,40000,127401,145000,
13165,"Jungle Carbine",,56000,,,
13167,"Gate Keeper-DD",,72000,1501133,1040000,
13168,"Thunder P",1,76000,105000,,
13169,"Thunder P",2,76000,170345,,
13201,"Silver Bullet",,15,13,,
13300,"Huuma Wing Shuriken",,90000,137345,499999,
13301,"Huuma Giant Wheel Shuriken",3,40000,68222,,
13302,"Huuma Giant Wheel Shuriken",4,40000,124940,,
13303,"Huuma Blaze Shuriken",,78000,81717,50000,
13304,"Huuma Calm Mind Shuriken",2,20,49437,39000,
13405,"Curved Sword",2,20,442740,355590,370000
14546,"I Love You Firecracker",,2,1115,8950,8950
14550,"Xmas Firecracker",,2,1979,,
18663,"Sunglasses Cap Costume",,20,19583333,32500000,
19812,"Large Hibiscus Costume",,20,6246428,,
20108,"Stunner Shades Costume",,20,8854545,,
20339,"Flower Summer Hat Costume",,20,15071357,25000000,
22669,"Halloween Box",,20,529632,,
30000,"Wandering Minstrel Hat Costume",,20,100000000,,
30002,"Baseball Cap Costume",,20,129500000,,
30005,"Elven Ears Costume",,20,7390909,,
30006,"Orc Helm Costume",,20,552500,,
30007,"Sweet Gent Costume",,20,925000,,
30008,"Romantic Leaf Costume",,20,146349,,
30009,"Puppy Headband Costume",,20,254483,,
30012,"Boy's Cap Costume",,20,13425794,,
30013,"Corsair Costume",,20,2378000,,
30015,"Sakkat Costume",,20,193000,,
30016,"Majestic Goat Costume",,20,4245679,,
30017,"Bunny Band Costume",,20,866666,,
30018,"Gemmed Sallet Costume",,20,300000,,
30019,"Smokie Leaf Costume",,20,610000,,
30020,"Drooping Cat Costume",,20,2028889,,
30022,"Black Cat Ears Costume",,20,1441667,,
30023,"Red Ribbon Costume",,20,1075000,,
30024,"Bride's Corolla Costume",,20,2500000,,
30025,"Joker Jester Costume",,20,875000,,
30026,"Magician Hat Costume",,20,1060000,,
30028,"Pipe Costume",,20,366667,,
30029,"Clown Nose Costume",,20,50000,,
30036,"Blinker Costume",,20,1125000,,
30037,"Romantic Flower Costume",,20,939889,,
30038,"Bao Bao Costume",,20,325000,,
30039,"Small Ribbons Costume",,20,1669800,,
30040,"Deviruchi Hat Costume",,20,7991667,,
30041,"Crunch Toast Costume",,20,664694,1000000,
30042,"Sunday Hat Costume",,20,9000000,,
30043,"Crown Costume",,20,4563333,,
30045,"Blush Costume",,20,522680,,
30046,"Poo Poo Hat Costume",,20,100000,,
30047,"Tiara Costume",,20,3050000,,
30048,"Teddybear Hat Costume",,20,2083586,,
30049,"Assassin Mask Costume",,20,450000,,
30053,"Heart Hairpin Costume",,20,900000,,
30055,"Hot-blooded Headband Costume",,20,1092857,,
30057,"Helm Costume",,20,575859,,
30058,"Panda Hat Costume",,20,878333,,
30059,"Flower Band Costume",,20,500000,,
30060,"Fashionable Glasses Costume",,20,1278571,1000000,
30061,"Lazy Smokie Costume",,20,950000,,
30064,"Laurus Parasitii",,1,77833,,
30065,"Galium Mordere",,1,136113,,
30066,"Lotus Coles",,1,90485,,
30067,"Iris Luzzi",,1,107143,,
30068,"Jasminum Uva",,1,112995,,
30073,"Army Cap Costume",,20,250000,,
30074,"Galapago Cap Costume",,20,2989505,,
30075,"Evil Wing Ears Costume",,20,9000000,,
30076,"Sunglasses Costume",,20,641194,,
30077,"Poring Hat Costume",,20,766667,,
30078,"Kafra Band Costume",,20,6196667,,
30079,"Helmet of Orc Hero Costume",,20,19900000,,
30080,"Angel Wing Costume",,20,2770000,,
30081,"Cute Ribbon Costume",,20,481666,,
30084,"Helm of Angel Costume",,20,4633167,,
30085,"Dark Blinder Costume",,20,1213889,,
30086,"Apple of Archer Costume",,20,942500,,
30087,"Cowboy Hat Costume",,20,1387250,,
30088,"Blue Mage Hat Costume",,20,2208333,,
30089,"Winter Hat Costume",,20,1283333,,
30090,"Kitsune Mask Costume",,20,837375,600000,
30091,"Western Grace Costume",,20,500000,,
30092,"Romantic Gent Costume",,20,250000,,
30093,"Headset Costume",,20,557874,200000,
30094,"Ear Muffs Costume",,20,475000,,
30097,"Coronet Costume",,20,2250000,,
30098,"Sea Otter Hat Costume",,20,1187500,,
30099,"Glasses Costume",,20,656667,,
30100,"Goblin Mask Costume",,20,299999,,
30101,"Munak Hat Costume",,20,200000,,
30103,"Zealotus Mask Costume",,20,3906667,,
30104,"Incubus Horn Costume",,20,723333,,
30105,"Succubus Horn Costume",,20,775000,,
30106,"Crown of Ancient Queen Costume",,20,800000,,
30107,"Spiky Band Costume",,20,2133000,,
30108,"Hockey Mask Costume",,20,60694444,,
30109,"Magic Eyes Costume",,20,25000000,,
30110,"Deviling Hat Costume",,20,62592593,,
30111,"Halloween Witch Hat",,20,30000000,,
30113,"Bone Helm Costume",,20,975000,,
30115,"Crown of Mistress Costume",,20,2000000,,
30118,"Beanie Costume",,20,2372273,,
30120,"Bongun Hat Costume",,20,175000,,
30123,"Raccoon Hat Costume",,20,1690136,,
30129,"Angel Wing Ears Costume",,20,9000000,,
30131,"Mini Glasses Costume",,20,745000,,
30134,"Diver Goggles Costume",,20,235000,,
30135,"Alarm Mask Costume",,20,1800000,,
30136,"Decorative Golden Bell Costume",,20,1025000,,
30137,"Machoman's Glasses Costume",,20,721526,,
30138,"Blue Beanie Costume",,20,2750000,,
30142,"Renown Detective's Cap Costume",,20,2245000,,
30144,"Cigarette Costume",,20,200000,,
30145,"Goggles Costume",,20,250000,,
30146,"Circlet Costume",,20,100000,,
30147,"Rainbow Eggshell Costume",,20,250000,,
30150,"Feathered Hat Costume",,20,666014,,
30152,"Wizard Hat Costume",,20,600000,,
30153,"Evil Wing Costume",,20,1400000,,
30160,"Flu Mask Costume",,20,160000,,
30161,"Opera Masque Costume",,20,300000,,
30163,"Gas Mask Costume",,20,150000,150000,
30165,"Blue Hairband Costume",,20,629444,,
30166,"Straw Hat Costume",,20,1300000,,
30169,"Frog Hat Costume",,20,47666667,90000000,
30170,"Magistrate Hat Costume",,20,845000,,
30171,"Ayam Costume",,20,1100000,,
30176,"Fishing Bait",,0,4999,,
30178,"Fish In Mouth Costume",,20,14277273,32500000,
30179,"Red Deviruchi Hat Costume",,20,8233333,,
30180,"Gray Deviruchi Hat Costume",,20,8055625,,
30184,"Pink Drooping Cat Costume",,20,3333333,,
30185,"Blue Drooping Cat Costume",,20,2537500,,
30188,"Pink Beanie Costume",,20,2150000,,
30192,"Eye Patch Costume",,20,175000,,
30195,"Monk Hat Costume",,20,499999,,
30201,"Fin Helm Costume",,20,1248333,,
30206,"Censor Bar Costume",,20,2000000,,
